"","Company","Project","Country","V1","ProComp"
"1","BP P.L.C.","Azeri-Chirag-Deepwater Guneshli - PSA","Azerbaijan",7352442105,"BP P.L.C. Azeri-Chirag-Deepwater Guneshli - PSA"
"2","Total Sa","Abu Dhabi Company for Onshore Oil Operation (ADCO)","United Arab Emirates",4822274000,"Total Sa Abu Dhabi Company for Onshore Oil Operation (ADCO)"
"3","Abu Dhabi Marine Areas Limited","Abu Dhabi Marine Areas","United Arab Emirates",4180617326,"Abu Dhabi Marine Areas Limited Abu Dhabi Marine Areas"
"4","ROYAL DUTCH SHELL PLC","SARAWAK OIL AND GAS","Malaysia",3611472366,"ROYAL DUTCH SHELL PLC SARAWAK OIL AND GAS"
"5","Rio Tinto PLC","PILBARA","Australia",3043228512,"Rio Tinto PLC PILBARA"
"6","ROYAL DUTCH SHELL PLC","ORMEN LANGE AND DRAUGEN","Norway",3011536119,"ROYAL DUTCH SHELL PLC ORMEN LANGE AND DRAUGEN"
"7","Total Sa","Block 17","Angola",2215288000,"Total Sa Block 17"
"8","ROYAL DUTCH SHELL PLC","Block 6","Oman",2089920954,"ROYAL DUTCH SHELL PLC Block 6"
"9","ROYAL DUTCH SHELL PLC","EA","Nigeria",1592115125,"ROYAL DUTCH SHELL PLC EA"
"10","BP P.L.C.","Block 31","Angola",1487329067,"BP P.L.C. Block 31"
"11","Total Sa","Abu Dhabi Marine Areas Ltd (ADMA)","United Arab Emirates",1433960000,"Total Sa Abu Dhabi Marine Areas Ltd (ADMA)"
"12","ROYAL DUTCH SHELL PLC","MAJNOON","Iraq",1351636268,"ROYAL DUTCH SHELL PLC MAJNOON"
"13","Genel Energy Plc","Taq Taq","Iraq",1333920000,"Genel Energy Plc Taq Taq"
"14","Vedanta Resources","CIL-RJ-ON-90/1","India",1293450000,"Vedanta Resources CIL-RJ-ON-90/1"
"15","Total Sa","Mahakam PSC","Indonesia",1242139000,"Total Sa Mahakam PSC"
"16","ROYAL DUTCH SHELL PLC","PSC 1993 (OPL212/OML118, OPL219/OML135)","Nigeria",1205626770,"ROYAL DUTCH SHELL PLC PSC 1993 (OPL212/OML118, OPL219/OML135)"
"17","ROYAL DUTCH SHELL PLC","A/S NORSKE SHELL","Norway",1137352447,"ROYAL DUTCH SHELL PLC A/S NORSKE SHELL"
"18","BP P.L.C.","ADMA Concession","United Arab Emirates",1059269409,"BP P.L.C. ADMA Concession"
"19","ROYAL DUTCH SHELL PLC","PEARL GTL","Qatar",989657810,"ROYAL DUTCH SHELL PLC PEARL GTL"
"20","BP P.L.C.","Shah Deniz","Azerbaijan",904205464,"BP P.L.C. Shah Deniz"
"21","ROYAL DUTCH SHELL PLC","THE SHELL PETROLEUM DEVELOPMENT COMPANY OF NIGERIA LIMITED","Nigeria",849098369,"ROYAL DUTCH SHELL PLC THE SHELL PETROLEUM DEVELOPMENT COMPANY OF NIGERIA LIMITED"
"22","BP P.L.C.","Tangguh","Indonesia",845757884,"BP P.L.C. Tangguh"
"23","Total Sa","Non-attributable","Norway",837188000,"Total Sa Non-attributable"
"24","ROYAL DUTCH SHELL PLC","SPDC WEST","Nigeria",798332523,"ROYAL DUTCH SHELL PLC SPDC WEST"
"25","ROYAL DUTCH SHELL PLC","SABAH INBOARD AND DEEPWATER OIL","Malaysia",796446207,"ROYAL DUTCH SHELL PLC SABAH INBOARD AND DEEPWATER OIL"
"26","BP P.L.C.","Block 18","Angola",779433072,"BP P.L.C. Block 18"
"27","ROYAL DUTCH SHELL PLC","Shell Australia Pty Ltd","Australia",757694007,"ROYAL DUTCH SHELL PLC Shell Australia Pty Ltd"
"28","Seplat Petroleum","OML 4, 38 and 41","Nigeria",686013500,"Seplat Petroleum OML 4, 38 and 41"
"29","Total Sa","Dolphin","Qatar",600116000,"Total Sa Dolphin"
"30","ROYAL DUTCH SHELL PLC","SHELL OLIE - OG GASUDVINDING DANMARK B.V.","Denmark",576148422,"ROYAL DUTCH SHELL PLC SHELL OLIE - OG GASUDVINDING DANMARK B.V."
"31","BP P.L.C.","BPTT Blocks","Trinidad and Tobago",537456862,"BP P.L.C. BPTT Blocks"
"32","ROYAL DUTCH SHELL PLC","SC 38 MALAMPAYA GAS","Philippines",486917661,"ROYAL DUTCH SHELL PLC SC 38 MALAMPAYA GAS"
"33","BP P.L.C.","Gulf of Mexico - Central","United States of America",457784898,"BP P.L.C. Gulf of Mexico - Central"
"34","BG Group Ltd","WDDM","Egypt",440795000,"BG Group Ltd WDDM"
"35","ROYAL DUTCH SHELL PLC","CHANGBEI","China",439228048,"ROYAL DUTCH SHELL PLC CHANGBEI"
"36","ROYAL DUTCH SHELL PLC","SPDC SHALLOW WATER","Nigeria",417866579,"ROYAL DUTCH SHELL PLC SPDC SHALLOW WATER"
"37","Total Sa","Bongkot","Thailand",397769000,"Total Sa Bongkot"
"38","BG Group Ltd","Corporate","United Kingdom of Great Britain and Northern Ireland",3.95e+08,"BG Group Ltd Corporate"
"39","Total Sa","Abu Dhabi Gas Industries Ltd (GASCO)","United Arab Emirates",365618000,"Total Sa Abu Dhabi Gas Industries Ltd (GASCO)"
"40","Glencore plc","DRC Copperbelt Region Project","Congo, the Democratic Republic of the",363964000,"Glencore plc DRC Copperbelt Region Project"
"41","Total Sa","Areas 15, 16 & 32 (Al Jurf)","Libya",363637000,"Total Sa Areas 15, 16 & 32 (Al Jurf)"
"42","Vedanta Resources","Hindustan Zinc Ltd","India",355010000,"Vedanta Resources Hindustan Zinc Ltd"
"43","BG Group Ltd","BM-S-11","Brazil",341644000,"BG Group Ltd BM-S-11"
"44","Total Sa","Non-attributable","Nigeria",331077000,"Total Sa Non-attributable"
"45","ROYAL DUTCH SHELL PLC","GULF OF MEXICO (CENTRAL)","United States of America",315649017,"ROYAL DUTCH SHELL PLC GULF OF MEXICO (CENTRAL)"
"46","Glencore plc","New South Wales Project - Thermal Coal","Australia",311905001,"Glencore plc New South Wales Project - Thermal Coal"
"47","Total Sa","Tin Fouyé Tabenkort","Algeria",305368000,"Total Sa Tin Fouyé Tabenkort"
"48","BG Group Ltd","Bongkot","Thailand",263300000,"BG Group Ltd Bongkot"
"49","Total Sa","Block 6","Oman",250033000,"Total Sa Block 6"
"50","Rio Tinto PLC","NEW SOUTH WALES COAL","Australia",246254028,"Rio Tinto PLC NEW SOUTH WALES COAL"
"51","BP P.L.C.","Block 17","Angola",242187190,"BP P.L.C. Block 17"
"52","Antofagasta plc","Los Pelambres","",227418000,"Antofagasta plc Los Pelambres"
"53","BG Group Ltd","BM-S-9","Brazil",196113000,"BG Group Ltd BM-S-9"
"54","BG Group Ltd","Karachaganak","Kazakhstan",194629000,"BG Group Ltd Karachaganak"
"55","BP P.L.C.","Alaska","United States of America",189433185,"BP P.L.C. Alaska"
"56","Total Sa","Non-attributable","Argentina",188508000,"Total Sa Non-attributable"
"57","Rio Tinto PLC","OYU TOLGOI","Mongolia",185359617,"Rio Tinto PLC OYU TOLGOI"
"58","Total Sa","Concession Fields (Non-attributable)","Gabon",182704000,"Total Sa Concession Fields (Non-attributable)"
"59","ROYAL DUTCH SHELL PLC","GABON NORTH EAST","Gabon",181961617,"ROYAL DUTCH SHELL PLC GABON NORTH EAST"
"60","Total Sa","San Antonio","Bolivia, Plurinational State of",177073000,"Total Sa San Antonio"
"61","BP P.L.C.","NORTH WEST SHELF","Australia",176652930,"BP P.L.C. NORTH WEST SHELF"
"62","Total Sa","Blocks M5 and M6","Myanmar",172515000,"Total Sa Blocks M5 and M6"
"63","ROYAL DUTCH SHELL PLC","GULF OF MEXICO (WEST)","United States of America",163352599,"ROYAL DUTCH SHELL PLC GULF OF MEXICO (WEST)"
"64","Total Sa","OML130 PSA (Akpo & Egina)","Nigeria",161979000,"Total Sa OML130 PSA (Akpo & Egina)"
"65","Anglo American plc","Corporate-Rustenburg Platinum Mines Ltd","South Africa",158111228,"Anglo American plc Corporate-Rustenburg Platinum Mines Ltd"
"66","Glencore plc","Block O - Alen Project","Equatorial Guinea",153211000,"Glencore plc Block O - Alen Project"
"67","Total Sa","Block B","Brunei Darussalam",152875000,"Total Sa Block B"
"68","Total Sa","OML118 (Bonga)","Nigeria",151344000,"Total Sa OML118 (Bonga)"
"69","Total Sa","Kharyaga","Russian Federation",147911000,"Total Sa Kharyaga"
"70","Glencore plc","North-East Kazakhstan Project - Kazzinc","Kazakhstan",145876000,"Glencore plc North-East Kazakhstan Project - Kazzinc"
"71","Vedanta Resources","CIL-KG-OSN","India",142830000,"Vedanta Resources CIL-KG-OSN"
"72","Glencore plc","Block I - Aseng Project","Equatorial Guinea",142167000,"Glencore plc Block I - Aseng Project"
"73","Total Sa","Block 14","Angola",139576000,"Total Sa Block 14"
"74","EQUION ENERGIA LIMITED","Piedemonte","Colombia",139022049,"EQUION ENERGIA LIMITED Piedemonte"
"75","ROYAL DUTCH SHELL PLC","BADR EL-DIN (BED)","Egypt",137921247,"ROYAL DUTCH SHELL PLC BADR EL-DIN (BED)"
"76","Glencore plc","Cesar Department Project - Prodeco","Colombia",136801000,"Glencore plc Cesar Department Project - Prodeco"
"77","Total Sa","Al Khalij","Qatar",136621000,"Total Sa Al Khalij"
"78","BP P.L.C.","Gulf of Suez","Egypt",136147645,"BP P.L.C. Gulf of Suez"
"79","Jardine Matheson Holdings Ltd","Pamapersada Nusantara","Indonesia",136107977,"Jardine Matheson Holdings Ltd Pamapersada Nusantara"
"80","BG Group Ltd","Panna-Mukhta","India",133251000,"BG Group Ltd Panna-Mukhta"
"81","Total Sa","Joint ventures with NNPC, non operated - non-attributable","Nigeria",133081000,"Total Sa Joint ventures with NNPC, non operated - non-attributable"
"82","Perenco Overseas Holdings Limited","Perenco Cuu Long Ltd","Viet Nam",127523234,"Perenco Overseas Holdings Limited Perenco Cuu Long Ltd"
"83","ROYAL DUTCH SHELL PLC","NORTH WEST SHELF","Australia",120230627,"ROYAL DUTCH SHELL PLC NORTH WEST SHELF"
"84","BP P.L.C.","Block 15","Angola",118558137,"BP P.L.C. Block 15"
"85","Total Sa","Block 0","Angola",116489000,"Total Sa Block 0"
"86","BG Group Ltd","ECMA","Trinidad and Tobago",112851000,"BG Group Ltd ECMA"
"87","Gulf Keystone Petroleum Ltd","Shaikan","Iraq",112582947,"Gulf Keystone Petroleum Ltd Shaikan"
"88","Vedanta Resources","HZL-RA Mines","India",112450000,"Vedanta Resources HZL-RA Mines"
"89","Total Sa","CPP Pointe Noire Grands Fonds (PNGF)","Congo",104859000,"Total Sa CPP Pointe Noire Grands Fonds (PNGF)"
"90","ROYAL DUTCH SHELL PLC","ITALY UPSTREAM ASSET","Italy",104352782,"ROYAL DUTCH SHELL PLC ITALY UPSTREAM ASSET"
"91","Ophir Energy Plc","Bualuang","Thailand",103790000,"Ophir Energy Plc Bualuang"
"92","BG Group Ltd","NCMA","Trinidad and Tobago",103589000,"BG Group Ltd NCMA"
"93","EVRAZ PLC","EVRAZ KGOK","Russian Federation",103091871,"EVRAZ PLC EVRAZ KGOK"
"94","ROYAL DUTCH SHELL PLC","SHELL ITALIA E&P SpA","Italy",102686074,"ROYAL DUTCH SHELL PLC SHELL ITALIA E&P SpA"
"95","ROYAL DUTCH SHELL PLC","BRUNEI OFFSHORE BLOCKS","Brunei Darussalam",101953874,"ROYAL DUTCH SHELL PLC BRUNEI OFFSHORE BLOCKS"
"96","Total Sa","Qatargas 1","Qatar",101895000,"Total Sa Qatargas 1"
"97","Anglo American plc","Corporate-Anglo American Sur S.A.","Chile",97089292,"Anglo American plc Corporate-Anglo American Sur S.A."
"98","Total Sa","CPP Haute Mer - Zone D","Congo",96713000,"Total Sa CPP Haute Mer - Zone D"
"99","Total Sa","CPP Haute Mer - Zone A","Congo",95539000,"Total Sa CPP Haute Mer - Zone A"
"100","Anglo American plc","Capcoal","Australia",95100906,"Anglo American plc Capcoal"
"101","Rio Tinto PLC","RICHARDS BAY MINERALS","South Africa",90582871,"Rio Tinto PLC RICHARDS BAY MINERALS"
"102","ROYAL DUTCH SHELL PLC","PSC 1993 (OPL209)","Nigeria",88954570,"ROYAL DUTCH SHELL PLC PSC 1993 (OPL209)"
"103","BP P.L.C.","BM-POT-16 (POT-M-760)","Brazil",85996688,"BP P.L.C. BM-POT-16 (POT-M-760)"
"104","Glencore plc","Antapaccay","Peru",85648000,"Glencore plc Antapaccay"
"105","BP P.L.C.","In Salah","Algeria",84492164,"BP P.L.C. In Salah"
"106","Rio Tinto PLC","WEIPA INCLUDING AMRUN","Australia",81915576,"Rio Tinto PLC WEIPA INCLUDING AMRUN"
"107","Polymetal Intl Plc","Dukat","Russian Federation",79012000,"Polymetal Intl Plc Dukat"
"108","Exillon Energy Plc","Kayumovskoe oil field","Russian Federation",78131000,"Exillon Energy Plc Kayumovskoe oil field"
"109","Total Sa","Kombi, Likalala & Libondo","Congo",77412000,"Total Sa Kombi, Likalala & Libondo"
"110","Anglo American plc","Corporate-Anglo American Niobio Ltda","Brazil",77182110,"Anglo American plc Corporate-Anglo American Niobio Ltda"
"111","BP P.L.C.","BM-POT-17 (POT-M-665)","Brazil",76458643,"BP P.L.C. BM-POT-17 (POT-M-665)"
"112","BP P.L.C.","Divested Assets","Viet Nam",75476621,"BP P.L.C. Divested Assets"
"113","BP P.L.C.","Temsah","Egypt",75307176,"BP P.L.C. Temsah"
"114","Randgold Resources","Société des Mines de Gounkoto SA","Mali",74959553,"Randgold Resources Société des Mines de Gounkoto SA"
"115","ROYAL DUTCH SHELL PLC","ATHABASCA OIL SANDS","Canada",73296138,"ROYAL DUTCH SHELL PLC ATHABASCA OIL SANDS"
"116","ROYAL DUTCH SHELL PLC","GABON CENTRAL","Gabon",72755193,"ROYAL DUTCH SHELL PLC GABON CENTRAL"
"117","BP P.L.C.","Colorado","United States of America",71543263,"BP P.L.C. Colorado"
"118","BG Group Ltd","Corporate","Brazil",70975000,"BG Group Ltd Corporate"
"119","ROYAL DUTCH SHELL PLC","SHELL GABON SA","Gabon",69633947,"ROYAL DUTCH SHELL PLC SHELL GABON SA"
"120","BP P.L.C.","Rumaila","Iraq",67653271,"BP P.L.C. Rumaila"
"121","Nostrum Oil & Gas PLC","Chinarevskoye","Kazakhstan",66154012,"Nostrum Oil & Gas PLC Chinarevskoye"
"122","Total Sa","Joint ventures with NNPC, operated - non-attributable","Nigeria",66029000,"Total Sa Joint ventures with NNPC, operated - non-attributable"
"123","Rio Tinto PLC","DIAVIK","Canada",63570052,"Rio Tinto PLC DIAVIK"
"124","Vedanta Resources","CIL-CB-OS/2","India",62510000,"Vedanta Resources CIL-CB-OS/2"
"125","Antofagasta plc","Centinela","",62183000,"Antofagasta plc Centinela"
"126","BG Group Ltd","Corporate","Bolivia, Plurinational State of",61788000,"BG Group Ltd Corporate"
"127","BP P.L.C.","Ras El Bar","Egypt",61560617,"BP P.L.C. Ras El Bar"
"128","ROYAL DUTCH SHELL PLC","SHELL NEW ZEALAND (2011) LIMITED","New Zealand",58985496,"ROYAL DUTCH SHELL PLC SHELL NEW ZEALAND (2011) LIMITED"
"129","Anglo American plc","Corporate-Sishen Iron Ore Company (Pty) Ltd","South Africa",58398492,"Anglo American plc Corporate-Sishen Iron Ore Company (Pty) Ltd"
"130","EnQuest PLC","PM8","Malaysia",56967147,"EnQuest PLC PM8"
"131","ROYAL DUTCH SHELL PLC","POHOKURA","New Zealand",55711110,"ROYAL DUTCH SHELL PLC POHOKURA"
"132","Premier Oil Plc","Natuna Sea Block A","Indonesia",55589000,"Premier Oil Plc Natuna Sea Block A"
"133","BG Group Ltd","Miskar","Tunisia",54587000,"BG Group Ltd Miskar"
"134","ROYAL DUTCH SHELL PLC","ONEGAS WEST","United Kingdom of Great Britain and Northern Ireland",53998806,"ROYAL DUTCH SHELL PLC ONEGAS WEST"
"135","ROYAL DUTCH SHELL PLC","GULF OF MEXICO EXPLORATION","United States of America",53429642,"ROYAL DUTCH SHELL PLC GULF OF MEXICO EXPLORATION"
"136","Vedanta Resources","KCM","Zambia",53280000,"Vedanta Resources KCM"
"137","Total Sa","Tierra del Fuego","Argentina",51668000,"Total Sa Tierra del Fuego"
"138","BG Group Ltd","Rosetta","Egypt",50539000,"BG Group Ltd Rosetta"
"139","Total Sa","Concession Anguille","Gabon",50186000,"Total Sa Concession Anguille"
"140","Gem Diamonds Ltd","Letšeng Diamonds (Proprietary) Limited","Lesotho",50008000,"Gem Diamonds Ltd Letšeng Diamonds (Proprietary) Limited"
"141","BP P.L.C.","In Amenas","Algeria",49466918,"BP P.L.C. In Amenas"
"142","Total Sa","Concession Grondin","Gabon",48452000,"Total Sa Concession Grondin"
"143","Acacia Mining","Bulyanhulu gold mine","Tanzania, United Republic of",48257000,"Acacia Mining Bulyanhulu gold mine"
"144","Premier Oil Plc","Corporate","Viet Nam",47640000,"Premier Oil Plc Corporate"
"145","Total Sa","San Alberto","Bolivia, Plurinational State of",46843000,"Total Sa San Alberto"
"146","Anglo American plc","Moranbah North","Australia",46788860,"Anglo American plc Moranbah North"
"147","BG Group Ltd","Hasdrubal","Tunisia",46778000,"BG Group Ltd Hasdrubal"
"148","Glencore plc","Badila Field Project","Chad",46680000,"Glencore plc Badila Field Project"
"149","Anglo American plc","Dawson","Australia",46157928,"Anglo American plc Dawson"
"150","Total Sa","Central Graben Area","United Kingdom of Great Britain and Northern Ireland",46105000,"Total Sa Central Graben Area"
"151","Rio Tinto PLC","GOVE","Australia",45731057,"Rio Tinto PLC GOVE"
"152","Tullow Oil PLC","Jubilee","Ghana",45381369,"Tullow Oil PLC Jubilee"
"153","Total Sa","Abu Al Bukhoosh","United Arab Emirates",44240000,"Total Sa Abu Al Bukhoosh"
"154","Total Sa","Itau","Bolivia, Plurinational State of",43048000,"Total Sa Itau"
"155","ROYAL DUTCH SHELL PLC","BC-10","Brazil",42572961,"ROYAL DUTCH SHELL PLC BC-10"
"156","Glencore plc","Copperbelt Region Project - Mopani","Zambia",42155000,"Glencore plc Copperbelt Region Project - Mopani"
"157","Total Sa","OML99 (joint venture with NNPC, operated)","Nigeria",41401000,"Total Sa OML99 (joint venture with NNPC, operated)"
"158","Glencore plc","Queensland Project - Mount Isa Mines Zinc","Australia",41337616,"Glencore plc Queensland Project - Mount Isa Mines Zinc"
"159","Vedanta Resources","HZL-SK Mine","India",40890000,"Vedanta Resources HZL-SK Mine"
"160","Acacia Mining","North Mara gold mine","Tanzania, United Republic of",40501000,"Acacia Mining North Mara gold mine"
"161","BG Group Ltd","QCLNG","Australia",39932000,"BG Group Ltd QCLNG"
"162","Total Sa","Bruce","United Kingdom of Great Britain and Northern Ireland",38948000,"Total Sa Bruce"
"163","BP P.L.C.","Sanga - Sanga","Indonesia",38938903,"BP P.L.C. Sanga - Sanga"
"164","Total Sa","Concession Torpille","Gabon",38446000,"Total Sa Concession Torpille"
"165","Tullow Oil PLC","Tullow Equatorial Guinea Limited","Equatorial Guinea",37380751,"Tullow Oil PLC Tullow Equatorial Guinea Limited"
"166","Randgold Resources","Société des Mines de Loulo SA","Mali",37207077,"Randgold Resources Société des Mines de Loulo SA"
"167","Rio Tinto PLC","US BORAX","United States of America",36057425,"Rio Tinto PLC US BORAX"
"168","Polymetal Intl Plc","Voro","Russian Federation",35681000,"Polymetal Intl Plc Voro"
"169","EQUION ENERGIA LIMITED","Tauramena","Colombia",35378586,"EQUION ENERGIA LIMITED Tauramena"
"170","Polymetal Intl Plc","Omolon","Russian Federation",34912000,"Polymetal Intl Plc Omolon"
"171","Premier Oil Plc","Corporate","Indonesia",34616000,"Premier Oil Plc Corporate"
"172","ROYAL DUTCH SHELL PLC","OBAIYED","Egypt",34422390,"ROYAL DUTCH SHELL PLC OBAIYED"
"173","Tullow Oil PLC","Tullow Uganda Limited","Uganda",33683871,"Tullow Oil PLC Tullow Uganda Limited"
"174","Nord Gold SE","Bissa Gold SA","Burkina Faso",33307078,"Nord Gold SE Bissa Gold SA"
"175","Total Sa","Rabi CEPP","Gabon",33253000,"Total Sa Rabi CEPP"
"176","ROYAL DUTCH SHELL PLC","INSITU","Canada",33204182,"ROYAL DUTCH SHELL PLC INSITU"
"177","Glencore plc","Queensland Project - Thermal Coal","Australia",32966464,"Glencore plc Queensland Project - Thermal Coal"
"178","BP P.L.C.","Block 20","Angola",32142857,"BP P.L.C. Block 20"
"179","Total Sa","OML138 (Usan)","Nigeria",32028000,"Total Sa OML138 (Usan)"
"180","Total Sa","Alwyn North","United Kingdom of Great Britain and Northern Ireland",31902000,"Total Sa Alwyn North"
"181","Premier Oil Plc","Chim Sao","Viet Nam",31887000,"Premier Oil Plc Chim Sao"
"182","BP P.L.C.","Rosneft","Russian Federation",31795751,"BP P.L.C. Rosneft"
"183","Total Sa","Kashagan","Kazakhstan",31784000,"Total Sa Kashagan"
"184","ROYAL DUTCH SHELL PLC","PERMIAN","United States of America",31688747,"ROYAL DUTCH SHELL PLC PERMIAN"
"185","Glencore plc","Queensland Project - Mount Isa Mines Copper","Australia",30963859,"Glencore plc Queensland Project - Mount Isa Mines Copper"
"186","Total Sa","OML58 (joint venture with NNPC, operated)","Nigeria",30805000,"Total Sa OML58 (joint venture with NNPC, operated)"
"187","Vedanta Resources","Cairn India Ltd","India",30770000,"Vedanta Resources Cairn India Ltd"
"188","Acacia Mining","Buzwagi gold mine","Tanzania, United Republic of",30170000,"Acacia Mining Buzwagi gold mine"
"189","Total Sa","Madingo","Congo",30068000,"Total Sa Madingo"
"190","Perenco (Oil & Gas) International Limited","Corporate","Turkey",29747399,"Perenco (Oil & Gas) International Limited Corporate"
"191","Polymetal Intl Plc","Albazino","Russian Federation",29717000,"Polymetal Intl Plc Albazino"
"192","Total Sa","OML102 (joint venture with NNPC, operated)","Nigeria",29361000,"Total Sa OML102 (joint venture with NNPC, operated)"
"193","Anglo American plc","Corporate-Anglo Operations Proprietary Limited (Corporate)","South Africa",29298740,"Anglo American plc Corporate-Anglo Operations Proprietary Limited (Corporate)"
"194","ROYAL DUTCH SHELL PLC","GABON SOUTH","Gabon",28423947,"ROYAL DUTCH SHELL PLC GABON SOUTH"
"195","Glencore plc","Mangara Field Project","Chad",28242000,"Glencore plc Mangara Field Project"
"196","Vedanta Resources","VEDL-AL-JS","India",28020000,"Vedanta Resources VEDL-AL-JS"
"197","Glencore plc","Queensland Project - Coking Coal","Australia",27637844,"Glencore plc Queensland Project - Coking Coal"
"198","BP P.L.C.","Texas","United States of America",27186979,"BP P.L.C. Texas"
"199","Total Sa","Neuquen","Argentina",26600000,"Total Sa Neuquen"
"200","Anglo American plc","Corporate-Mafube Coal Mining (Proprietary) Limited","South Africa",26525736,"Anglo American plc Corporate-Mafube Coal Mining (Proprietary) Limited"
"201","Nord Gold SE","Berezitovy rudnik LLC","Russian Federation",26427865,"Nord Gold SE Berezitovy rudnik LLC"
"202","Ferrexpo PLC","FXPO UKR","Ukraine",26007870,"Ferrexpo PLC FXPO UKR"
"203","BP P.L.C.","Baltim","Egypt",25923426,"BP P.L.C. Baltim"
"204","BP P.L.C.","Khazzan","Oman",25547602,"BP P.L.C. Khazzan"
"205","ROYAL DUTCH SHELL PLC","BIJUPIRA & SALEMA","Brazil",25244381,"ROYAL DUTCH SHELL PLC BIJUPIRA & SALEMA"
"206","Anglo American plc","Corporate-Anglo American Fosfatos Ltda","Brazil",25076588,"Anglo American plc Corporate-Anglo American Fosfatos Ltda"
"207","Genel Energy Plc","Bina Bawi","Iraq",2.5e+07,"Genel Energy Plc Bina Bawi"
"208","Total Sa","Non-attributable","Bolivia, Plurinational State of",24464000,"Total Sa Non-attributable"
"209","Total Sa","Sulige","China",24146000,"Total Sa Sulige"
"210","Total Sa","Block 10","Yemen",23980000,"Total Sa Block 10"
"211","Total Sa","OML100 (joint venture with NNPC, operated)","Nigeria",23770000,"Total Sa OML100 (joint venture with NNPC, operated)"
"212","Petropavlovsk Plc","JSC Pokrovskiy Rudnik","Russian Federation",23562000,"Petropavlovsk Plc JSC Pokrovskiy Rudnik"
"213","BG Group Ltd","Corporate","India",23502000,"BG Group Ltd Corporate"
"214","Tullow Oil PLC","Okume Complex","Equatorial Guinea",23185210,"Tullow Oil PLC Okume Complex"
"215","BP P.L.C.","KG D6  KG-DWN-98/3","India",23096126,"BP P.L.C. KG D6  KG-DWN-98/3"
"216","ROYAL DUTCH SHELL PLC","MUKHAIZNA PSC","Oman",23003630,"ROYAL DUTCH SHELL PLC MUKHAIZNA PSC"
"217","Glencore plc","Ontario Project - Corporate","Canada",22980000,"Glencore plc Ontario Project - Corporate"
"218","ROYAL DUTCH SHELL PLC","Non Core Assets","United States of America",22852354,"ROYAL DUTCH SHELL PLC Non Core Assets"
"219","BP P.L.C.","BM-POT-17 (POT-M-855)","Brazil",22140160,"BP P.L.C. BM-POT-17 (POT-M-855)"
"220","BG Group Ltd","La Vertiente","Bolivia, Plurinational State of",20713000,"BG Group Ltd La Vertiente"
"221","Tullow Oil PLC","Ezanga","Gabon",20706470,"Tullow Oil PLC Ezanga"
"222","BP P.L.C.","New Mexico","United States of America",20616796,"BP P.L.C. New Mexico"
"223","Glencore plc","New South Wales Project - Coking Coal","Australia",20278927,"Glencore plc New South Wales Project - Coking Coal"
"224","Nord Gold SE","Buryatzoloto JSC","Russian Federation",20239845,"Nord Gold SE Buryatzoloto JSC"
"225","JKX Oil & Gas plc","Novo-Nikolaevskoye Complex","Ukraine",20231000,"JKX Oil & Gas plc Novo-Nikolaevskoye Complex"
"226","Jardine Matheson Holdings Ltd","Kapuas, Central Kalimantan Project","Indonesia",20217187,"Jardine Matheson Holdings Ltd Kapuas, Central Kalimantan Project"
"227","Total Sa","Tahiti","United States of America",20037000,"Total Sa Tahiti"
"228","ROYAL DUTCH SHELL PLC","JINQIU+FUSHUN+ZITONG","China",19764309,"ROYAL DUTCH SHELL PLC JINQIU+FUSHUN+ZITONG"
"229","Total Sa","Baudroie Mérou CEPP","Gabon",19657000,"Total Sa Baudroie Mérou CEPP"
"230","BP P.L.C.","Wyoming","United States of America",19458376,"BP P.L.C. Wyoming"
"231","ROYAL DUTCH SHELL PLC","FOOTHILLS","Canada",19043663,"ROYAL DUTCH SHELL PLC FOOTHILLS"
"232","BP P.L.C.","South Belayim","Egypt",18822456,"BP P.L.C. South Belayim"
"233","Glencore plc","Catamarca Province Project - Minera Alumbrera","Argentina",18568000,"Glencore plc Catamarca Province Project - Minera Alumbrera"
"234","Total Sa","Avocette CEPP","Gabon",18466000,"Total Sa Avocette CEPP"
"235","Total Sa","Tengah PSC","Indonesia",18275000,"Total Sa Tengah PSC"
"236","Anglo American plc","Victor","Canada",18204578,"Anglo American plc Victor"
"237","Premier Oil Plc","Wytch Farm","United Kingdom of Great Britain and Northern Ireland",17363000,"Premier Oil Plc Wytch Farm"
"238","Anglo American plc","Foxleigh","Australia",17311163,"Anglo American plc Foxleigh"
"239","Petropavlovsk Plc","Albyn","Russian Federation",17277000,"Petropavlovsk Plc Albyn"
"240","Glencore plc","Potosi Project - Sinchi Wayra","Bolivia, Plurinational State of",16966000,"Glencore plc Potosi Project - Sinchi Wayra"
"241","Total Sa","CPP Tchendo 2","Congo",16858000,"Total Sa CPP Tchendo 2"
"242","Anglo American plc","Minas Rio","Brazil",16832673,"Anglo American plc Minas Rio"
"243","FRESNILLO PLC","Herradura / Nochebuena","Mexico",16629556,"FRESNILLO PLC Herradura / Nochebuena"
"244","ROYAL DUTCH SHELL PLC","ARGENTINA UNCONVENTIONAL PROJECTS","Argentina",16614713,"ROYAL DUTCH SHELL PLC ARGENTINA UNCONVENTIONAL PROJECTS"
"245","Rio Tinto PLC","DAMPIER SALT","Australia",16445186,"Rio Tinto PLC DAMPIER SALT"
"246","Anglo American plc","Callide","Australia",16221344,"Anglo American plc Callide"
"247","Total Sa","Block 53","Oman",16124000,"Total Sa Block 53"
"248","Hochschild Mining plc","Minera Santa Cruz S.A.","Argentina",16009036,"Hochschild Mining plc Minera Santa Cruz S.A."
"249","Glencore plc","Queensland Project - Ernest Henry Mine Copper","Australia",15888936,"Glencore plc Queensland Project - Ernest Henry Mine Copper"
"250","BP P.L.C.","Bruce","United Kingdom of Great Britain and Northern Ireland",15796325,"BP P.L.C. Bruce"
"251","Tullow Oil PLC","Tullow Oil Gabon SA","Gabon",15775329,"Tullow Oil PLC Tullow Oil Gabon SA"
"252","Glencore plc","Western Australian Project - Murrin Murrin Nickel","Australia",15575574,"Glencore plc Western Australian Project - Murrin Murrin Nickel"
"253","Total Sa","OML102 Ekanga (joint venture with NNPC, non operated)","Nigeria",15429000,"Total Sa OML102 Ekanga (joint venture with NNPC, non operated)"
"254","BP P.L.C.","Gulf of Mexico - Western","United States of America",15302293,"BP P.L.C. Gulf of Mexico - Western"
"255","JX Nippon Exploration and Production (U.K.) Limited","Magnus Project","United Kingdom of Great Britain and Northern Ireland",15156689,"JX Nippon Exploration and Production (U.K.) Limited Magnus Project"
"256","Tullow Oil PLC","M'boundi","Congo, the Democratic Republic of the",15127543,"Tullow Oil PLC M'boundi"
"257","Petropavlovsk Plc","Pioneer","Russian Federation",15006000,"Petropavlovsk Plc Pioneer"
"258","Total Sa","Litanzi & Tchibeli","Congo",15001000,"Total Sa Litanzi & Tchibeli"
"259","EQUION ENERGIA LIMITED","Recetor","Colombia",14892296,"EQUION ENERGIA LIMITED Recetor"
"260","EVRAZ PLC","Evraz Sukha Balka","Ukraine",13814238,"EVRAZ PLC Evraz Sukha Balka"
"261","BG Group Ltd","Central Block","Trinidad and Tobago",13751000,"BG Group Ltd Central Block"
"262","Vedanta Resources","HZL-Zawar Mine","India",13730000,"Vedanta Resources HZL-Zawar Mine"
"263","Glencore plc","Quebec Project - Raglan","Canada",13718000,"Glencore plc Quebec Project - Raglan"
"264","Nord Gold SE","Societe Miniere de Dinguiraye","Guinea",13599894,"Nord Gold SE Societe Miniere de Dinguiraye"
"265","ROYAL DUTCH SHELL PLC","NORTH EAST ABU GHARADIG (NEAG)","Egypt",13223246,"ROYAL DUTCH SHELL PLC NORTH EAST ABU GHARADIG (NEAG)"
"266","ROYAL DUTCH SHELL PLC","APPALACHIA","United States of America",13164884,"ROYAL DUTCH SHELL PLC APPALACHIA"
"267","Total Sa","CPP Haute Mer - Zone B","Congo",12990000,"Total Sa CPP Haute Mer - Zone B"
"268","Petrofac","Chergui","Tunisia",12863000,"Petrofac Chergui"
"269","Polymetal Intl Plc","Okhotsk","Russian Federation",12789000,"Polymetal Intl Plc Okhotsk"
"270","Anglo American plc","Drayton","Australia",12630585,"Anglo American plc Drayton"
"271","Glencore plc","Mpumalanga Province Project - Thermal Coal","South Africa",12608959,"Glencore plc Mpumalanga Province Project - Thermal Coal"
"272","Total Sa","Block 5","Yemen",12395000,"Total Sa Block 5"
"273","Premier Oil Plc","Corporate","Pakistan",12266000,"Premier Oil Plc Corporate"
"274","BP P.L.C.","Oklahoma","United States of America",11981828,"BP P.L.C. Oklahoma"
"275","PetroLatina Energy Ltd. (consolidated group)","Unallocated","Colombia",11946476,"PetroLatina Energy Ltd. (consolidated group) Unallocated"
"276","BP P.L.C.","East Morgan","Egypt",11755360,"BP P.L.C. East Morgan"
"277","BG Group Ltd","J Block / Jade","United Kingdom of Great Britain and Northern Ireland",11462000,"BG Group Ltd J Block / Jade"
"278","BP P.L.C.","South Gharib","Egypt",11316399,"BP P.L.C. South Gharib"
"279","Total Sa","Non-attributable","Gabon",11250000,"Total Sa Non-attributable"
"280","Anglo American plc","Corporate-Anglo American Minerio de Ferro Brasil S.A","Brazil",11144626,"Anglo American plc Corporate-Anglo American Minerio de Ferro Brasil S.A"
"281","Total Sa","Atora CEPP","Gabon",11140000,"Total Sa Atora CEPP"
"282","Petrofac","PM304","Malaysia",11078000,"Petrofac PM304"
"283","ROYAL DUTCH SHELL PLC","GREATER DEEP BASIN","Canada",10752205,"ROYAL DUTCH SHELL PLC GREATER DEEP BASIN"
"284","Polymetal Intl Plc","Mayskoye","Russian Federation",10668000,"Polymetal Intl Plc Mayskoye"
"285","Perenco (Oil & Gas) International Limited","1050","Turkey",10647390,"Perenco (Oil & Gas) International Limited 1050"
"286","Vedanta Resources","VGCB","India",10400000,"Vedanta Resources VGCB"
"287","BP P.L.C.","Block 24","Angola",10300000,"BP P.L.C. Block 24"
"288","Total Sa","Non-attributable","Netherlands",10172000,"Total Sa Non-attributable"
"289","Tullow Oil PLC","Ceiba","Equatorial Guinea",10006583,"Tullow Oil PLC Ceiba"
"290","Total Sa","Barnett Shale","United States of America",9966000,"Total Sa Barnett Shale"
"291","JKX Oil & Gas plc","Elizavetovskoye field","Ukraine",9932000,"JKX Oil & Gas plc Elizavetovskoye field"
"292","Nord Gold SE","FIC Alel JSC","Kazakhstan",9828257,"Nord Gold SE FIC Alel JSC"
"293","Tullow Oil PLC","Tchatamba","Gabon",9413126,"Tullow Oil PLC Tchatamba"
"294","EVRAZ PLC","Shakhta Uskovskaya","Russian Federation",9270566,"EVRAZ PLC Shakhta Uskovskaya"
"295","Anglo American plc","Kumba Iron Ore - Kolomela Mine","South Africa",9044338,"Anglo American plc Kumba Iron Ore - Kolomela Mine"
"296","Rio Tinto PLC","La Granja","Peru",8900000,"Rio Tinto PLC La Granja"
"297","Total Sa","Non-attributable","United Kingdom of Great Britain and Northern Ireland",8759000,"Total Sa Non-attributable"
"298","Total Sa","Block 10","Cyprus",8614000,"Total Sa Block 10"
"299","ROYAL DUTCH SHELL PLC","MAUI","New Zealand",8454316,"ROYAL DUTCH SHELL PLC MAUI"
"300","Randgold Resources","Société des Mines de Tongon SA","Cote d'Ivoire",8398068,"Randgold Resources Société des Mines de Tongon SA"
"301","Total Sa","Gulf of Mexico","United States of America",8200000,"Total Sa Gulf of Mexico"
"302","EVRAZ PLC","Shakhta Esaulskaya","Russian Federation",8150476,"EVRAZ PLC Shakhta Esaulskaya"
"303","Total Sa","Hylia II CEPP","Gabon",8062000,"Total Sa Hylia II CEPP"
"304","ROYAL DUTCH SHELL PLC","NORWAY  EXPLORATION PROJECTS","Norway",7999522,"ROYAL DUTCH SHELL PLC NORWAY  EXPLORATION PROJECTS"
"305","EnQuest PLC","Corporate","Malaysia",7766461,"EnQuest PLC Corporate"
"306","Tullow Oil PLC","Tullow Group Services Limited","United Kingdom of Great Britain and Northern Ireland",7712109,"Tullow Oil PLC Tullow Group Services Limited"
"307","Glencore plc","Karas Project - Rosh Pinah Mine","Namibia",7702000,"Glencore plc Karas Project - Rosh Pinah Mine"
"308","Vedanta Resources","HZL-RD Mine","India",7660000,"Vedanta Resources HZL-RD Mine"
"309","ROYAL DUTCH SHELL PLC","WEST QURNA","Iraq",7613250,"ROYAL DUTCH SHELL PLC WEST QURNA"
"310","Exillon Energy Plc","Zapadno-Khatayakhskoye oil field","Russian Federation",7555000,"Exillon Energy Plc Zapadno-Khatayakhskoye oil field"
"311","EVRAZ PLC","Raspadskaya","Russian Federation",7420159,"EVRAZ PLC Raspadskaya"
"312","BP P.L.C.","Skarv","Norway",7411968,"BP P.L.C. Skarv"
"313","Anglo American plc","Corporate-De Beers Consolidated Mines (Pty) Ltd","South Africa",7120734,"Anglo American plc Corporate-De Beers Consolidated Mines (Pty) Ltd"
"314","Vedanta Resources","VEDL-IO-Gadia Sodo","India",7110000,"Vedanta Resources VEDL-IO-Gadia Sodo"
"315","ROYAL DUTCH SHELL PLC","SABLE DEEPWATER","Canada",7047820,"ROYAL DUTCH SHELL PLC SABLE DEEPWATER"
"316","Nord Gold SE","Societe des Mines de Taparko","Burkina Faso",7039649,"Nord Gold SE Societe des Mines de Taparko"
"317","Anglo American plc","Corporate-Anglo American Norte S.A.","Chile",7032377,"Anglo American plc Corporate-Anglo American Norte S.A."
"318","FRESNILLO PLC","Fresnillo","Mexico",7008600,"FRESNILLO PLC Fresnillo"
"319","ROYAL DUTCH SHELL PLC","ALASKA EXPLORATION","United States of America",6882404,"ROYAL DUTCH SHELL PLC ALASKA EXPLORATION"
"320","Hochschild Mining plc","Compañía Minera Ares S.A.C.","Peru",6844616,"Hochschild Mining plc Compañía Minera Ares S.A.C."
"321","Polymetal Intl Plc","Lunnoye","Russian Federation",6560000,"Polymetal Intl Plc Lunnoye"
"322","Acacia Mining","Dar es Salaam corporate office","Tanzania, United Republic of",6516000,"Acacia Mining Dar es Salaam corporate office"
"323","Antofagasta plc","Inversiones Los Pelambres Ltda.","",6499000,"Antofagasta plc Inversiones Los Pelambres Ltda."
"324","EVRAZ PLC","Razrez Raspadskiy","Russian Federation",6450759,"EVRAZ PLC Razrez Raspadskiy"
"325","Perenco (Oil & Gas) International Limited","880","Turkey",6407278,"Perenco (Oil & Gas) International Limited 880"
"326","Rio Tinto PLC","EXPLORATION - PERU","Peru",6197462,"Rio Tinto PLC EXPLORATION - PERU"
"327","Anglo American plc","Kumba Iron Ore - Sishen Mine","South Africa",6169250,"Anglo American plc Kumba Iron Ore - Sishen Mine"
"328","Glencore plc","Jujuy Province Project - Minera Aguilar / AR Zinc","Argentina",6105000,"Glencore plc Jujuy Province Project - Minera Aguilar / AR Zinc"
"329","BP P.L.C.","East Tanka","Egypt",6027297,"BP P.L.C. East Tanka"
"330","Glencore plc","New South Wales Project - Cobar Copper","Australia",5950244,"Glencore plc New South Wales Project - Cobar Copper"
"331","Exillon Energy Plc","Vostochno-Vozeiskoye oil field","Russian Federation",5938000,"Exillon Energy Plc Vostochno-Vozeiskoye oil field"
"332","Total Sa","Block 40","Angola",5921000,"Total Sa Block 40"
"333","Total Sa","Mboga CEPP","Gabon",5836000,"Total Sa Mboga CEPP"
"334","Glencore plc","Ontario Project - Sudbury","Canada",5754000,"Glencore plc Ontario Project - Sudbury"
"335","Anglo American plc","Corporate-Anglo American Chile","Chile",5690401,"Anglo American plc Corporate-Anglo American Chile"
"336","BP P.L.C.","Louisiana","United States of America",5602639,"BP P.L.C. Louisiana"
"337","PetroLatina Energy Ltd. (consolidated group)","Midas Block","Colombia",5586640,"PetroLatina Energy Ltd. (consolidated group) Midas Block"
"338","ROYAL DUTCH SHELL PLC","ACAMBUCO","Argentina",5338345,"ROYAL DUTCH SHELL PLC ACAMBUCO"
"339","Total Sa","Block 25","Angola",5171000,"Total Sa Block 25"
"340","Exillon Energy Plc","Kayumneft JSC","Russian Federation",5086000,"Exillon Energy Plc Kayumneft JSC"
"341","Glencore plc","Oruro Project - Minera Illapa","Bolivia, Plurinational State of",5076000,"Glencore plc Oruro Project - Minera Illapa"
"342","Rio Tinto PLC","ROSSING","Namibia",5033528,"Rio Tinto PLC ROSSING"
"343","Gem Diamonds Ltd","Gem Diamonds Australia Holdings (Proprietary) Limited","Australia",4934000,"Gem Diamonds Ltd Gem Diamonds Australia Holdings (Proprietary) Limited"
"344","ROYAL DUTCH SHELL PLC","CORRIB PROJECT","Ireland",4877756,"ROYAL DUTCH SHELL PLC CORRIB PROJECT"
"345","Petropavlovsk Plc","Malomyr","Russian Federation",4701000,"Petropavlovsk Plc Malomyr"
"346","Avocet Mining PLC","Inata","Burkina Faso",4588000,"Avocet Mining PLC Inata"
"347","Nord Gold SE","Neryungri-Metallic LLC","Russian Federation",4544280,"Nord Gold SE Neryungri-Metallic LLC"
"348","ROYAL DUTCH SHELL PLC","GROUNDBIRCH","Canada",4493267,"ROYAL DUTCH SHELL PLC GROUNDBIRCH"
"349","Perenco Oil & Gas Colombia Limited","Espinal","Colombia",4359487,"Perenco Oil & Gas Colombia Limited Espinal"
"350","Polymetal Intl Plc","Varvara","Kazakhstan",4345000,"Polymetal Intl Plc Varvara"
"351","BP P.L.C.","Block 19","Angola",4300000,"BP P.L.C. Block 19"
"352","Total Sa","Greater Laggan Area","United Kingdom of Great Britain and Northern Ireland",4259000,"Total Sa Greater Laggan Area"
"353","BP P.L.C.","Shetland","United Kingdom of Great Britain and Northern Ireland",4218090,"BP P.L.C. Shetland"
"354","Anglo American plc","Corporate","Brazil",4200453,"Anglo American plc Corporate"
"355","Total Sa","Utica","United States of America",4070000,"Total Sa Utica"
"356","Acacia Mining","London corporate office","United Kingdom of Great Britain and Northern Ireland",4049000,"Acacia Mining London corporate office"
"357","Antofagasta plc","Exploration activities (within Antofagasta Minerals S.A.)","",3996000,"Antofagasta plc Exploration activities (within Antofagasta Minerals S.A.)"
"358","FRESNILLO PLC","Cienega","Mexico",3970249,"FRESNILLO PLC Cienega"
"359","Anglo American plc","Corporate-Anglo American Michiquillay S.A.","Peru",3962875,"Anglo American plc Corporate-Anglo American Michiquillay S.A."
"360","Total Sa","Lacq","France",3951000,"Total Sa Lacq"
"361","Petropavlovsk Plc","Pokrovskiy","Russian Federation",3898000,"Petropavlovsk Plc Pokrovskiy"
"362","Total Sa","Halfaya","Iraq",3892000,"Total Sa Halfaya"
"363","Vedanta Resources","VED-IO-A Narayan","India",3860000,"Vedanta Resources VED-IO-A Narayan"
"364","Rio Tinto PLC","MUROWA","Zimbabwe",3859594,"Rio Tinto PLC MUROWA"
"365","Total Sa","Anzarane","Morocco",3859000,"Total Sa Anzarane"
"366","Glencore plc","Potosi Project -  Minera Illapa","Bolivia, Plurinational State of",3786000,"Glencore plc Potosi Project -  Minera Illapa"
"367","Anglo American plc","Masa Chrome Company (Pty) Ltd","South Africa",3615977,"Anglo American plc Masa Chrome Company (Pty) Ltd"
"368","Perenco Overseas Holdings Limited","Perenco Vietnam AS","Viet Nam",3556862,"Perenco Overseas Holdings Limited Perenco Vietnam AS"
"369","Exillon Energy Plc","Zapadno-Khatayakhskoye II oil field","Russian Federation",3555000,"Exillon Energy Plc Zapadno-Khatayakhskoye II oil field"
"370","Tullow Oil PLC","PSC B (Chinguetti EEA)","Mauritania",3400084,"Tullow Oil PLC PSC B (Chinguetti EEA)"
"371","Trans-Siberian Gold plc","Asacha Mine","Russian Federation",3298138,"Trans-Siberian Gold plc Asacha Mine"
"372","Total Sa","Block 4 East El Burullus","Egypt",3275000,"Total Sa Block 4 East El Burullus"
"373","Tullow Oil PLC","Tullow Ghana Limited","Ghana",3250962,"Tullow Oil PLC Tullow Ghana Limited"
"374","Tullow Oil PLC","Limande","Gabon",3235887,"Tullow Oil PLC Limande"
"375","Total Sa","North El Mahala Onshore","Egypt",3230000,"Total Sa North El Mahala Onshore"
"376","Tullow Oil PLC","Etame","Gabon",3123930,"Tullow Oil PLC Etame"
"377","EVRAZ PLC","Evrazruda","Russian Federation",3101234,"EVRAZ PLC Evrazruda"
"378","Total Sa","Block 39","Angola",3086000,"Total Sa Block 39"
"379","BP P.L.C.","North October","Egypt",3055682,"BP P.L.C. North October"
"380","FRESNILLO PLC","San Julian","Mexico",3031628,"FRESNILLO PLC San Julian"
"381","Tullow Oil PLC","Niungo","Gabon",3013410,"Tullow Oil PLC Niungo"
"382","ROYAL DUTCH SHELL PLC","JORDAN FIELD EXPERIMENT","Jordan",3e+06,"ROYAL DUTCH SHELL PLC JORDAN FIELD EXPERIMENT"
"383","Premier Oil Plc","Kadanwari","Pakistan",2997000,"Premier Oil Plc Kadanwari"
"384","ROYAL DUTCH SHELL PLC","BLACKROCK VENTURES INC.","Canada",2811449,"ROYAL DUTCH SHELL PLC BLACKROCK VENTURES INC."
"385","EVRAZ PLC","United Coal Company Yuzhkuzbasugol","Russian Federation",2782841,"EVRAZ PLC United Coal Company Yuzhkuzbasugol"
"386","Anglo American plc","Unki","Zimbabwe",2772143,"Anglo American plc Unki"
"387","Exillon Energy Plc","Lumutinskoe oil field","Russian Federation",2730000,"Exillon Energy Plc Lumutinskoe oil field"
"388","BG Group Ltd","Tapti","India",2662000,"BG Group Ltd Tapti"
"389","BP P.L.C.","Arkansas","United States of America",2651412,"BP P.L.C. Arkansas"
"390","Vedanta Resources","SZ","Namibia",2650000,"Vedanta Resources SZ"
"391","Glencore plc","Oyon Project - Minera Los Quenuales","Peru",2644000,"Glencore plc Oyon Project - Minera Los Quenuales"
"392","Premier Oil Plc","Bhit/Badhra","Pakistan",2637000,"Premier Oil Plc Bhit/Badhra"
"393","EnQuest PLC","Corporate","United Kingdom of Great Britain and Northern Ireland",2568440,"EnQuest PLC Corporate"
"394","BP P.L.C.","Block 5B","Trinidad and Tobago",2483422,"BP P.L.C. Block 5B"
"395","Vedanta Resources","TSPL","India",2480000,"Vedanta Resources TSPL"
"396","Total Sa","Surmont","Canada",2450000,"Total Sa Surmont"
"397","Great Eastern Energy Group","Raniganj (South) block","India",2421790,"Great Eastern Energy Group Raniganj (South) block"
"398","Vedanta Resources","Lisheen","Ireland",2420000,"Vedanta Resources Lisheen"
"399","Tullow Oil PLC","Tullow Uganda Operation Pty Limited","Uganda",2386103,"Tullow Oil PLC Tullow Uganda Operation Pty Limited"
"400","Vedanta Resources","BMM","South Africa",2370000,"Vedanta Resources BMM"
"401","Anglo American plc","Snap Lake","Canada",2321208,"Anglo American plc Snap Lake"
"402","ROYAL DUTCH SHELL PLC","UK OFFSHORE OPERATED","United Kingdom of Great Britain and Northern Ireland",2295985,"ROYAL DUTCH SHELL PLC UK OFFSHORE OPERATED"
"403","Total Sa","Forzando and Dorstfontein","South Africa",2292000,"Total Sa Forzando and Dorstfontein"
"404","ROYAL DUTCH SHELL PLC","SHELL EXPLORATION ET PRODUCTION DU MAROC GMBH","Germany",2278214,"ROYAL DUTCH SHELL PLC SHELL EXPLORATION ET PRODUCTION DU MAROC GMBH"
"405","Total Sa","Atla","Norway",2276000,"Total Sa Atla"
"406","FRESNILLO PLC","Fresnillo plc","Mexico",2270438,"FRESNILLO PLC Fresnillo plc"
"407","Total Sa","Coucal CEPP","Gabon",2261000,"Total Sa Coucal CEPP"
"408","Total Sa","Offshore blocks","Netherlands",2229000,"Total Sa Offshore blocks"
"409","BP P.L.C.","Block 25","Angola",2142857,"BP P.L.C. Block 25"
"410","ROYAL DUTCH SHELL PLC","SHELL ERDGAS BETEILIGUNGSGESELLSCHAFT mbH","Germany",2125909,"ROYAL DUTCH SHELL PLC SHELL ERDGAS BETEILIGUNGSGESELLSCHAFT mbH"
"411","Tullow Oil PLC","Tulipe Oil SA","Gabon",2121853,"Tullow Oil PLC Tulipe Oil SA"
"412","BP P.L.C.","Shafag-Asiman PSA","Azerbaijan",2118000,"BP P.L.C. Shafag-Asiman PSA"
"413","PetroLatina Energy Ltd. (consolidated group)","Tisquirama B Block","Colombia",2077107,"PetroLatina Energy Ltd. (consolidated group) Tisquirama B Block"
"414","Glencore plc","Kibea EXA","Chad",2e+06,"Glencore plc Kibea EXA"
"415","Glencore plc","Krim EXA","Chad",2e+06,"Glencore plc Krim EXA"
"416","ROYAL DUTCH SHELL PLC","SHELL DEEPWATER BORNEO LIMITED","Brunei Darussalam",1983978,"ROYAL DUTCH SHELL PLC SHELL DEEPWATER BORNEO LIMITED"
"417","Anglo American plc","Corporate-Anglo American Inyosi Coal (Pty) Limited","South Africa",1971016,"Anglo American plc Corporate-Anglo American Inyosi Coal (Pty) Limited"
"418","Perenco Oil & Gas Colombia Limited","Boquerón","Colombia",1887914,"Perenco Oil & Gas Colombia Limited Boquerón"
"419","Premier Oil Plc","Qadipur","Pakistan",1834000,"Premier Oil Plc Qadipur"
"420","Perenco Oil & Gas Colombia Limited","Corporate","Colombia",1811000,"Perenco Oil & Gas Colombia Limited Corporate"
"421","Glencore plc","Koudougou Project - Perkoa Mine","Burkina Faso",1696000,"Glencore plc Koudougou Project - Perkoa Mine"
"422","Total Sa","CI-514","Cote d'Ivoire",1624000,"Total Sa CI-514"
"423","Total Sa","Shah Deniz","Azerbaijan",1619000,"Total Sa Shah Deniz"
"424","Total Sa","Alve North","Norway",1580000,"Total Sa Alve North"
"425","Anglo American plc","Mafube","South Africa",1567757,"Anglo American plc Mafube"
"426","Petrofac","Berantai","Malaysia",1555000,"Petrofac Berantai"
"427","BG Group Ltd","Armada","United Kingdom of Great Britain and Northern Ireland",1547000,"BG Group Ltd Armada"
"428","Total Sa","OML130","Nigeria",1517000,"Total Sa OML130"
"429","Gem Diamonds Ltd","Gem Diamonds Botswana (Proprietary) Limited","Botswana",1506000,"Gem Diamonds Ltd Gem Diamonds Botswana (Proprietary) Limited"
"430","ROYAL DUTCH SHELL PLC","UK OFFSHORE NON OPERATED","United Kingdom of Great Britain and Northern Ireland",1505992,"ROYAL DUTCH SHELL PLC UK OFFSHORE NON OPERATED"
"431","Anglo American plc","Gahcho Kué","Canada",1497149,"Anglo American plc Gahcho Kué"
"432","Glencore plc","Oruro Project - Sinchi Wayra","Bolivia, Plurinational State of",1488000,"Glencore plc Oruro Project - Sinchi Wayra"
"433","Glencore plc","North West Province Project - Ferroalloys Assets","South Africa",1464039,"Glencore plc North West Province Project - Ferroalloys Assets"
"434","JKX Oil & Gas plc","Koshekhablskoye field","Russian Federation",1445000,"JKX Oil & Gas plc Koshekhablskoye field"
"435","Premier Oil Plc","Zamzama","Pakistan",1438000,"Premier Oil Plc Zamzama"
"436","Total Sa","Garantiana","Norway",1424000,"Total Sa Garantiana"
"437","Vedanta Resources","VEDL-Corp","United States of America",1420000,"Vedanta Resources VEDL-Corp"
"438","FRESNILLO PLC","Fresnillo Perú, S.A.C.","Peru",1417328,"FRESNILLO PLC Fresnillo Perú, S.A.C."
"439","Jardine Matheson Holdings Ltd","Banjar, South Kalimantan Project","Indonesia",1397378,"Jardine Matheson Holdings Ltd Banjar, South Kalimantan Project"
"440","Tullow Oil PLC","PL 550","Norway",1369984,"Tullow Oil PLC PL 550"
"441","Glencore plc","Huarochiri Project - Minera Los Quenuales","Peru",1333000,"Glencore plc Huarochiri Project - Minera Los Quenuales"
"442","Total Sa","Azero","Bolivia, Plurinational State of",1330000,"Total Sa Azero"
"443","FRESNILLO PLC","Comercializadora de Metales Fresnillo, S.A. de C.V.","Mexico",1322321,"FRESNILLO PLC Comercializadora de Metales Fresnillo, S.A. de C.V."
"444","Total Sa","Victoria","Norway",1308000,"Total Sa Victoria"
"445","Tullow Oil PLC","Echira","Gabon",1303643,"Tullow Oil PLC Echira"
"446","Total Sa","Non-attributable","Colombia",1286000,"Total Sa Non-attributable"
"447","Glencore plc","Ontario Project - Kidd","Canada",1282000,"Glencore plc Ontario Project - Kidd"
"448","Anglo American plc","Corporate-Anglo American Perú S.A.","Peru",1280522,"Anglo American plc Corporate-Anglo American Perú S.A."
"449","Glencore plc","Quebec Project - Matagami","Canada",1273000,"Glencore plc Quebec Project - Matagami"
"450","Anglo American plc","Corporate-Anglo American Niquel Brasil Ltda","Brazil",1246352,"Anglo American plc Corporate-Anglo American Niquel Brasil Ltda"
"451","ROYAL DUTCH SHELL PLC","SHELL EXPLORATION & PRODUCTION COMPANY","United States of America",1217700,"ROYAL DUTCH SHELL PLC SHELL EXPLORATION & PRODUCTION COMPANY"
"452","BP P.L.C.","Tanjung CBM","Indonesia",1200000,"BP P.L.C. Tanjung CBM"
"453","Glencore plc","Sierra Gorda - II Region Antofagosta Project - Minera Lomas Bayas","Chile",1184000,"Glencore plc Sierra Gorda - II Region Antofagosta Project - Minera Lomas Bayas"
"454","BP P.L.C.","North Damietta Offshore","Egypt",1175000,"BP P.L.C. North Damietta Offshore"
"455","Anglo American plc","Grosvenor","Australia",1167085,"Anglo American plc Grosvenor"
"456","EVRAZ PLC","Shakhta Osinnikovskaya","Russian Federation",1158907,"EVRAZ PLC Shakhta Osinnikovskaya"
"457","BP P.L.C.","Ula","Norway",1146913,"BP P.L.C. Ula"
"458","Nord Gold SE","Mine Aprelkovo CJSC","Russian Federation",1137945,"Nord Gold SE Mine Aprelkovo CJSC"
"459","BG Group Ltd","Haucareta","Bolivia, Plurinational State of",1121000,"BG Group Ltd Haucareta"
"460","ROYAL DUTCH SHELL PLC","O & G DEVELOPMENTS LTD S.A.","Argentina",1114712,"ROYAL DUTCH SHELL PLC O & G DEVELOPMENTS LTD S.A."
"461","EVRAZ PLC","Evraz Vametco Alloys (PTY) Ltd","South Africa",1113768,"EVRAZ PLC Evraz Vametco Alloys (PTY) Ltd"
"462","Tullow Oil PLC","Oba","Gabon",1105736,"Tullow Oil PLC Oba"
"463","Tullow Oil PLC","Turnix","Gabon",1087775,"Tullow Oil PLC Turnix"
"464","Goldbridges Global Resources Plc","TOO Goronorudnoe Predpriatie Sekisovskoye","Kazakhstan",1078825,"Goldbridges Global Resources Plc TOO Goronorudnoe Predpriatie Sekisovskoye"
"465","ROYAL DUTCH SHELL PLC","Shell Brasil Petroleo Ltda","Brazil",1077972,"ROYAL DUTCH SHELL PLC Shell Brasil Petroleo Ltda"
"466","FRESNILLO PLC","Operaciones Fresnillo, S.A. de C.V.","Mexico",1073672,"FRESNILLO PLC Operaciones Fresnillo, S.A. de C.V."
"467","Anglo American plc","Barro Alto","Brazil",1065794,"Anglo American plc Barro Alto"
"468","BP P.L.C.","BM-POT-17 (POT-M-853)","Brazil",1044673,"BP P.L.C. BM-POT-17 (POT-M-853)"
"469","BP P.L.C.","Valhall","Norway",1024330,"BP P.L.C. Valhall"
"470","Acacia Mining","Johannesburg corporate office","South Africa",1013000,"Acacia Mining Johannesburg corporate office"
"471","Tullow Oil PLC","PL 438","Norway",1002241,"Tullow Oil PLC PL 438"
"472","ROYAL DUTCH SHELL PLC","PULAU MOA SELATAN","Indonesia",1e+06,"ROYAL DUTCH SHELL PLC PULAU MOA SELATAN"
"473","Perenco Oil & Gas Colombia Limited","Yalea","Colombia",942851,"Perenco Oil & Gas Colombia Limited Yalea"
"474","Rio Tinto PLC","IRON ORE COMPANY OF CANADA","Canada",937576,"Rio Tinto PLC IRON ORE COMPANY OF CANADA"
"475","Anglo American plc","Dartbrook","Australia",937133,"Anglo American plc Dartbrook"
"476","Total Sa","Block 3","Congo, the Democratic Republic of the",910000,"Total Sa Block 3"
"477","EnQuest PLC","Kittiwake","United Kingdom of Great Britain and Northern Ireland",884459,"EnQuest PLC Kittiwake"
"478","Total Sa","Diaba CEPP","Gabon",873000,"Total Sa Diaba CEPP"
"479","Perenco (Oil & Gas) International Limited","2652","Turkey",870772,"Perenco (Oil & Gas) International Limited 2652"
"480","Anglo American plc","Corporate","South Africa",836708,"Anglo American plc Corporate"
"481","BP P.L.C.","Bunduq Concession","Qatar",827211,"BP P.L.C. Bunduq Concession"
"482","BP P.L.C.","Bunduq Concession","United Arab Emirates",827211,"BP P.L.C. Bunduq Concession"
"483","Glencore plc","British Columbia Project - Coking Coal","Canada",819000,"Glencore plc British Columbia Project - Coking Coal"
"484","Exillon Energy Plc","Badyuskoye oil field","Russian Federation",812000,"Exillon Energy Plc Badyuskoye oil field"
"485","Acacia Mining","Exploration administrative","Tanzania, United Republic of",806000,"Acacia Mining Exploration administrative"
"486","ROYAL DUTCH SHELL PLC","SHELL SABAH  SELATAN SDN. BHD.","Malaysia",804375,"ROYAL DUTCH SHELL PLC SHELL SABAH  SELATAN SDN. BHD."
"487","BP P.L.C.","El Burg Offshore","Egypt",8e+05,"BP P.L.C. El Burg Offshore"
"488","BG Group Ltd","Corporate","Australia",793000,"BG Group Ltd Corporate"
"489","Tethys Petroleum Limited","Akulka Oil","Kazakhstan",772314,"Tethys Petroleum Limited Akulka Oil"
"490","BG Group Ltd","Barreirinhas Basin","Brazil",771000,"BG Group Ltd Barreirinhas Basin"
"491","BG Group Ltd","PL373S","Norway",768000,"BG Group Ltd PL373S"
"492","Cadogan Petroleum PLC","Debeslavetska Production licence area","Ukraine",765099,"Cadogan Petroleum PLC Debeslavetska Production licence area"
"493","Total Sa","Northern North Sea","United Kingdom of Great Britain and Northern Ireland",760000,"Total Sa Northern North Sea"
"494","EQUION ENERGIA LIMITED","Río Chitamena","Colombia",754803,"EQUION ENERGIA LIMITED Río Chitamena"
"495","Total Sa","Meillon","France",754000,"Total Sa Meillon"
"496","Anglo American plc","Venetia Mine","South Africa",750000,"Anglo American plc Venetia Mine"
"497","ROYAL DUTCH SHELL PLC","KAPUNI","New Zealand",742945,"ROYAL DUTCH SHELL PLC KAPUNI"
"498","BP P.L.C.","BM-POT-16 (POT-M-663)","Brazil",734260,"BP P.L.C. BM-POT-16 (POT-M-663)"
"499","PetroLatina Energy Ltd. (consolidated group)","Tisquirama A Block","Colombia",732690,"PetroLatina Energy Ltd. (consolidated group) Tisquirama A Block"
"500","Glencore plc","Doseo / Borogop Project","Chad",708000,"Glencore plc Doseo / Borogop Project"
"501","JKX Oil & Gas plc","Payment at an entity level","Ukraine",696000,"JKX Oil & Gas plc Payment at an entity level"
"502","Antofagasta plc","Encuentro","",694000,"Antofagasta plc Encuentro"
"503","Rio Tinto PLC","QIT MADAGASCAR MINERALS","Madagascar",679440,"Rio Tinto PLC QIT MADAGASCAR MINERALS"
"504","Anglo American plc","Corporate-Anglo American Quellaveco S.A.","Peru",678325,"Anglo American plc Corporate-Anglo American Quellaveco S.A."
"505","Perenco (Oil & Gas) International Limited","3341","Turkey",673951,"Perenco (Oil & Gas) International Limited 3341"
"506","Premier Oil Plc","Catcher","United Kingdom of Great Britain and Northern Ireland",655000,"Premier Oil Plc Catcher"
"507","Acacia Mining","Kenya administrative","Kenya",644000,"Acacia Mining Kenya administrative"
"508","Tullow Oil PLC","South Omo","Ethiopia",637409,"Tullow Oil PLC South Omo"
"509","ROYAL DUTCH SHELL PLC","SABAH SHELL PETROLEUM COMPANY LIMITED","Malaysia",636395,"ROYAL DUTCH SHELL PLC SABAH SHELL PETROLEUM COMPANY LIMITED"
"510","ROYAL DUTCH SHELL PLC","UK EXPLORATIONS PROJECTS","United Kingdom of Great Britain and Northern Ireland",631198,"ROYAL DUTCH SHELL PLC UK EXPLORATIONS PROJECTS"
"511","Ophir Energy Plc","Block R","Equatorial Guinea",631000,"Ophir Energy Plc Block R"
"512","BP P.L.C.","North El Burg","Egypt",625000,"BP P.L.C. North El Burg"
"513","Glencore plc","Northern Territory Project - McArthur River Zinc","Australia",617980,"Glencore plc Northern Territory Project - McArthur River Zinc"
"514","Total Sa","Block 32","Angola",616000,"Total Sa Block 32"
"515","EVRAZ PLC","Shakhta Alardinskaya","Russian Federation",609974,"EVRAZ PLC Shakhta Alardinskaya"
"516","Jardine Matheson Holdings Ltd","North Barito, Central Kalimantan Project","Indonesia",603360,"Jardine Matheson Holdings Ltd North Barito, Central Kalimantan Project"
"517","Antofagasta plc","CCM Leonor","",596000,"Antofagasta plc CCM Leonor"
"518","BP P.L.C.","BM-C-34 (C-M-473)","Brazil",590650,"BP P.L.C. BM-C-34 (C-M-473)"
"519","ROYAL DUTCH SHELL PLC","SHELL OIL & GAS (MALAYSIA) LLC","Malaysia",587157,"ROYAL DUTCH SHELL PLC SHELL OIL & GAS (MALAYSIA) LLC"
"520","BP P.L.C.","EPSA","Libya",584575,"BP P.L.C. EPSA"
"521","EVRAZ PLC","Raspadskaya-Koksovaya","Russian Federation",584573,"EVRAZ PLC Raspadskaya-Koksovaya"
"522","ROYAL DUTCH SHELL PLC","BASIN EXPLORATION PROJECTS","Brazil",582284,"ROYAL DUTCH SHELL PLC BASIN EXPLORATION PROJECTS"
"523","Total Sa","Baranan Block","Iraq",565000,"Total Sa Baranan Block"
"524","Rio Tinto PLC","EXPLORATION - CHILE","Chile",555753,"Rio Tinto PLC EXPLORATION - CHILE"
"525","Cairn Energy PLC","Area 3 (Block 1)","Malta",550500,"Cairn Energy PLC Area 3 (Block 1)"
"526","PetroLatina Energy Ltd. (consolidated group)","Paloma Block","Colombia",540137,"PetroLatina Energy Ltd. (consolidated group) Paloma Block"
"527","Vedanta Resources","SMCL-IO-Mandoorbaga","India",530000,"Vedanta Resources SMCL-IO-Mandoorbaga"
"528","Seplat Petroleum","OML 56","Nigeria",527310,"Seplat Petroleum OML 56"
"529","Ophir Energy Plc","Nkawa","Gabon",522000,"Ophir Energy Plc Nkawa"
"530","Ophir Energy Plc","Nkouere","Gabon",510000,"Ophir Energy Plc Nkouere"
"531","Total Sa","Block 11","Cyprus",509000,"Total Sa Block 11"
"532","Tullow Oil PLC","Tullow SA (Pty) Limited","South Africa",505034,"Tullow Oil PLC Tullow SA (Pty) Limited"
"533","EnQuest PLC","Kraken","United Kingdom of Great Britain and Northern Ireland",498491,"EnQuest PLC Kraken"
"534","Ophir Energy Plc","Mbeli","Gabon",497000,"Ophir Energy Plc Mbeli"
"535","Total Sa","Yucal Placer","Venezuela, Bolivarian Republic of",491000,"Total Sa Yucal Placer"
"536","BP P.L.C.","Exploration","United Kingdom of Great Britain and Northern Ireland",490995,"BP P.L.C. Exploration"
"537","Vedanta Resources","SMCL-IO-Totichomor Dongor","India",480000,"Vedanta Resources SMCL-IO-Totichomor Dongor"
"538","Total Sa","Ipati","Bolivia, Plurinational State of",464000,"Total Sa Ipati"
"539","Perenco Oil & Gas Colombia Limited","San Jacinto & Rio Paez LCN","Colombia",449560,"Perenco Oil & Gas Colombia Limited San Jacinto & Rio Paez LCN"
"540","JX Nippon Exploration and Production (U.K.) Limited","East Brae Project","United Kingdom of Great Britain and Northern Ireland",435043,"JX Nippon Exploration and Production (U.K.) Limited East Brae Project"
"541","Tullow Oil PLC","Schooner","United Kingdom of Great Britain and Northern Ireland",434488,"Tullow Oil PLC Schooner"
"542","Total Sa","Bemolanga","Madagascar",425000,"Total Sa Bemolanga"
"543","Anglo American plc","Voorspoed Mine","South Africa",424000,"Anglo American plc Voorspoed Mine"
"544","ROYAL DUTCH SHELL PLC","SARAWAK SHELL BERHAD","Malaysia",421287,"ROYAL DUTCH SHELL PLC SARAWAK SHELL BERHAD"
"545","Total Sa","Block 14k","Angola",420000,"Total Sa Block 14k"
"546","Total Sa","Lianzi","Congo",419000,"Total Sa Lianzi"
"547","Vedanta Resources","VEDL-IO-Mareta Sodo","India",410000,"Vedanta Resources VEDL-IO-Mareta Sodo"
"548","Total Sa","Skirne & Bygve","Norway",408000,"Total Sa Skirne & Bygve"
"549","BP P.L.C.","BM-C-32 (C-M-61/ Itaipu)","Brazil",404530,"BP P.L.C. BM-C-32 (C-M-61/ Itaipu)"
"550","Anglo American plc","Kimberley Mines","South Africa",403000,"Anglo American plc Kimberley Mines"
"551","Anglo American plc","Codemin","Brazil",401478,"Anglo American plc Codemin"
"552","Rio Tinto PLC","EXPLORATION - ARGENTINA","Argentina",399739,"Rio Tinto PLC EXPLORATION - ARGENTINA"
"553","Total Sa","Pécorade","France",397000,"Total Sa Pécorade"
"554","BP P.L.C.","Terre de Grace","Canada",396131,"BP P.L.C. Terre de Grace"
"555","Ophir Energy Plc","Bangkanai (Kerendan)","Indonesia",395000,"Ophir Energy Plc Bangkanai (Kerendan)"
"556","Polymetal Intl Plc","Kyzyl","Kazakhstan",394000,"Polymetal Intl Plc Kyzyl"
"557","Glencore plc","Block EG-05 Project","Equatorial Guinea",393000,"Glencore plc Block EG-05 Project"
"558","BP P.L.C.","East Ras Shukier Marine","Egypt",391101,"BP P.L.C. East Ras Shukier Marine"
"559","Tullow Oil PLC","PL 406","Norway",390701,"Tullow Oil PLC PL 406"
"560","Petropavlovsk Plc","Alluvial operations","Russian Federation",390000,"Petropavlovsk Plc Alluvial operations"
"561","Premier Oil Plc","Sea Lion","Falkland Islands (Malvinas)",390000,"Premier Oil Plc Sea Lion"
"562","Total Sa","OPL223","Nigeria",390000,"Total Sa OPL223"
"563","BP P.L.C.","Legacy Retained Conventional","Canada",387232,"BP P.L.C. Legacy Retained Conventional"
"564","Tethys Petroleum Limited","Kyzloi Gas","Kazakhstan",385780,"Tethys Petroleum Limited Kyzloi Gas"
"565","EVRAZ PLC","Shakhta Abashevskaya","Russian Federation",379110,"EVRAZ PLC Shakhta Abashevskaya"
"566","Total Sa","Block EA-1","Uganda",378000,"Total Sa Block EA-1"
"567","BP P.L.C.","El Matareya","Egypt",375000,"BP P.L.C. El Matareya"
"568","Hochschild Mining plc","Selene","Peru",371161,"Hochschild Mining plc Selene"
"569","Anglo American plc","Corporate-Kumba Iron Ore Limited","South Africa",363689,"Anglo American plc Corporate-Kumba Iron Ore Limited"
"570","JX Nippon Exploration and Production (U.K.) Limited","Brae Project","United Kingdom of Great Britain and Northern Ireland",363435,"JX Nippon Exploration and Production (U.K.) Limited Brae Project"
"571","Exillon Energy Plc","Nem Oil CJSC","Russian Federation",361000,"Exillon Energy Plc Nem Oil CJSC"
"572","Rio Tinto PLC","EXPLORATION - BRAZIL","Brazil",354611,"Rio Tinto PLC EXPLORATION - BRAZIL"
"573","EVRAZ PLC","Shakhta Kusheyakovskaya","Russian Federation",341749,"EVRAZ PLC Shakhta Kusheyakovskaya"
"574","Rio Tinto PLC","EXPLORATION - COLUMBIA","Colombia",341011,"Rio Tinto PLC EXPLORATION - COLUMBIA"
"575","BG Group Ltd","Central North Sea","United Kingdom of Great Britain and Northern Ireland",339000,"BG Group Ltd Central North Sea"
"576","Ophir Energy Plc","Manga","Gabon",334000,"Ophir Energy Plc Manga"
"577","Total Sa","Khan Asparuh","Bulgaria",323000,"Total Sa Khan Asparuh"
"578","Perenco Oil & Gas Colombia Limited","Tiple","Colombia",317376,"Perenco Oil & Gas Colombia Limited Tiple"
"579","FRESNILLO PLC","Servicios Administrativos Fresnillo, S.A. de C.V.","Mexico",313429,"FRESNILLO PLC Servicios Administrativos Fresnillo, S.A. de C.V."
"580","BG Group Ltd","Block 1","Tanzania, United Republic of",311000,"BG Group Ltd Block 1"
"581","Nostrum Oil & Gas PLC","Rostoshinkoye","Kazakhstan",3e+05,"Nostrum Oil & Gas PLC Rostoshinkoye"
"582","Tullow Oil PLC","Berenty (Block 3111)","Madagascar",3e+05,"Tullow Oil PLC Berenty (Block 3111)"
"583","Tullow Oil PLC","Mandabe (Block 3109)","Madagascar",3e+05,"Tullow Oil PLC Mandabe (Block 3109)"
"584","Tullow Oil PLC","Ketch","United Kingdom of Great Britain and Northern Ireland",299158,"Tullow Oil PLC Ketch"
"585","BP P.L.C.","Nova Scotia Exploration","Canada",298693,"BP P.L.C. Nova Scotia Exploration"
"586","Glencore plc","San Juan Project - Minera Pachon","Argentina",294000,"Glencore plc San Juan Project - Minera Pachon"
"587","Vedanta Resources","MVPL","India",290000,"Vedanta Resources MVPL"
"588","Avocet Mining PLC","Tri-K","Guinea",288000,"Avocet Mining PLC Tri-K"
"589","BP P.L.C.","BM-C-34 (C-M-471)","Brazil",281579,"BP P.L.C. BM-C-34 (C-M-471)"
"590","Total Sa","Aquio","Bolivia, Plurinational State of",281000,"Total Sa Aquio"
"591","Glencore plc","Block V Project","Equatorial Guinea",279000,"Glencore plc Block V Project"
"592","BG Group Ltd","L10A","Kenya",275000,"BG Group Ltd L10A"
"593","Tullow Oil PLC","CI-26 Espoir","Cote d'Ivoire",273751,"Tullow Oil PLC CI-26 Espoir"
"594","Anglo American plc","Boa Vista (Fresh Rock)","Brazil",271683,"Anglo American plc Boa Vista (Fresh Rock)"
"595","FRESNILLO PLC","Servicios de Exploracion Fresnillo S.A. De C.V.","Mexico",267462,"FRESNILLO PLC Servicios de Exploracion Fresnillo S.A. De C.V."
"596","Tullow Oil PLC","PL 405B","Norway",263007,"Tullow Oil PLC PL 405B"
"597","Antofagasta plc","Twin Metals","",263000,"Antofagasta plc Twin Metals"
"598","Cairn Energy PLC","Foum  Draa","Morocco",262452,"Cairn Energy PLC Foum  Draa"
"599","Tullow Oil PLC","Murdoch K","United Kingdom of Great Britain and Northern Ireland",259624,"Tullow Oil PLC Murdoch K"
"600","ROYAL DUTCH SHELL PLC","GABON EXPLORATION","Gabon",258560,"ROYAL DUTCH SHELL PLC GABON EXPLORATION"
"601","Tullow Oil PLC","Block 47","Suriname",257689,"Tullow Oil PLC Block 47"
"602","Tullow Oil PLC","Block 54","Suriname",257689,"Tullow Oil PLC Block 54"
"603","BG Group Ltd","L10B","Kenya",253000,"BG Group Ltd L10B"
"604","BP P.L.C.","Delaware","United States of America",252535,"BP P.L.C. Delaware"
"605","Anglo American plc","Forests","Brazil",250162,"Anglo American plc Forests"
"606","BP P.L.C.","North Tennin","Egypt",250000,"BP P.L.C. North Tennin"
"607","Glencore plc","DOH Project","Chad",250000,"Glencore plc DOH Project"
"608","ROYAL DUTCH SHELL PLC","YINGGEHAI","China",250000,"ROYAL DUTCH SHELL PLC YINGGEHAI"
"609","BP P.L.C.","North El-max","Egypt",250000,"BP P.L.C. North El-max"
"610","Green Dragon Gas Ltd","Shizhuang South (GSS)","China",247000,"Green Dragon Gas Ltd Shizhuang South (GSS)"
"611","Anglo American plc","Rustenburg Base Metal Refinery","South Africa",243093,"Anglo American plc Rustenburg Base Metal Refinery"
"612","EVRAZ PLC","Mezhegeyugol Coal Company","Russian Federation",241626,"EVRAZ PLC Mezhegeyugol Coal Company"
"613","Cadogan Petroleum PLC","Monastyretska licence area","Ukraine",241227,"Cadogan Petroleum PLC Monastyretska licence area"
"614","EVRAZ PLC","MUK-96","Russian Federation",241170,"EVRAZ PLC MUK-96"
"615","Tullow Oil PLC","TEN","Ghana",237263,"Tullow Oil PLC TEN"
"616","Premier Oil Plc","Brenda","United Kingdom of Great Britain and Northern Ireland",236000,"Premier Oil Plc Brenda"
"617","Hochschild Mining plc","Andina Minerals Chile Ltd","Chile",235204,"Hochschild Mining plc Andina Minerals Chile Ltd"
"618","Ophir Energy Plc","L9","Kenya",232000,"Ophir Energy Plc L9"
"619","Exillon Energy Plc","Ucatex Ugra LLC","Russian Federation",232000,"Exillon Energy Plc Ucatex Ugra LLC"
"620","Glencore plc","IV Region Coquimbo Project - Minera Punitaqui","Chile",230000,"Glencore plc IV Region Coquimbo Project - Minera Punitaqui"
"621","Hunting Plc","Ship Shoal 170","United States of America",228537,"Hunting Plc Ship Shoal 170"
"622","Total Sa","Block L22","Kenya",228000,"Total Sa Block L22"
"623","BG Group Ltd","Block 4","Tanzania, United Republic of",226000,"BG Group Ltd Block 4"
"624","Randgold Resources","Boundiali exploration permit","Cote d'Ivoire",220827,"Randgold Resources Boundiali exploration permit"
"625","BP P.L.C.","Andrew","United Kingdom of Great Britain and Northern Ireland",209265,"BP P.L.C. Andrew"
"626","Ophir Energy Plc","Ntsina","Gabon",209000,"Ophir Energy Plc Ntsina"
"627","ROYAL DUTCH SHELL PLC","AUSTRALIA EXPLORATION PROJECTS","Australia",208637,"ROYAL DUTCH SHELL PLC AUSTRALIA EXPLORATION PROJECTS"
"628","Ophir Energy Plc","Gnondo","Gabon",207000,"Ophir Energy Plc Gnondo"
"629","Glencore plc","Kagera Region Project - Kabanga","Tanzania, United Republic of",206000,"Glencore plc Kagera Region Project - Kabanga"
"630","Exillon Energy Plc","North-Kenyunskoye oil field","Russian Federation",204000,"Exillon Energy Plc North-Kenyunskoye oil field"
"631","Perenco Oil & Gas Colombia Limited","Manatus","Colombia",203760,"Perenco Oil & Gas Colombia Limited Manatus"
"632","Anglo American plc","Kumba Iron Ore - Thabazimbi Mine","South Africa",202938,"Anglo American plc Kumba Iron Ore - Thabazimbi Mine"
"633","Total Sa","Block EA-1A","Uganda",201000,"Total Sa Block EA-1A"
"634","Vedanta Resources","SMCL-IO-Lamgao","India",2e+05,"Vedanta Resources SMCL-IO-Lamgao"
"635","Hochschild Mining plc","Ares","Peru",196765,"Hochschild Mining plc Ares"
"636","Premier Oil Plc","Zarghun South","Pakistan",195000,"Premier Oil Plc Zarghun South"
"637","Tethys Petroleum Limited","Akulka Gas","Kazakhstan",194799,"Tethys Petroleum Limited Akulka Gas"
"638","Total Sa","Markham Area","United Kingdom of Great Britain and Northern Ireland",194000,"Total Sa Markham Area"
"639","Cadogan Petroleum PLC","Cheremkhivska Production licence area","Ukraine",193346,"Cadogan Petroleum PLC Cheremkhivska Production licence area"
"640","Total Sa","Ceara (CE-M-661)","Brazil",192000,"Total Sa Ceara (CE-M-661)"
"641","Tullow Oil PLC","Horne & Wren","United Kingdom of Great Britain and Northern Ireland",191207,"Tullow Oil PLC Horne & Wren"
"642","Total Sa","PL006 Tor","Norway",188000,"Total Sa PL006 Tor"
"643","Tullow Oil PLC","PL 519","Norway",186014,"Tullow Oil PLC PL 519"
"644","BP P.L.C.","ETAP","United Kingdom of Great Britain and Northern Ireland",182208,"BP P.L.C. ETAP"
"645","ROYAL DUTCH SHELL PLC","Shell Energy Asia Limited","Malaysia",181807,"ROYAL DUTCH SHELL PLC Shell Energy Asia Limited"
"646","Hochschild Mining plc","Arcata","Peru",181475,"Hochschild Mining plc Arcata"
"647","Vedanta Resources","CIL-MB-DWN","India",180000,"Vedanta Resources CIL-MB-DWN"
"648","Total Sa","Block TA29","Mauritania",175000,"Total Sa Block TA29"
"649","Total Sa","OPL285","Nigeria",173000,"Total Sa OPL285"
"650","JKX Oil & Gas plc","Exploration","Slovakia",173000,"JKX Oil & Gas plc Exploration"
"651","Total Sa","Block C9","Mauritania",170000,"Total Sa Block C9"
"652","Hochschild Mining plc","Inmaculada","Peru",167319,"Hochschild Mining plc Inmaculada"
"653","Anglo American plc","Chapadao","Brazil",167284,"Anglo American plc Chapadao"
"654","Anglo American plc","Mogalakwena","South Africa",166045,"Anglo American plc Mogalakwena"
"655","Total Sa","Block 17 / 06","Angola",163000,"Total Sa Block 17 / 06"
"656","Anglo American plc","Lararmides Generative","United States of America",162495,"Anglo American plc Lararmides Generative"
"657","Anglo American plc","Boa Vista","Brazil",160046,"Anglo American plc Boa Vista"
"658","BP P.L.C.","North Alexandria / West Mediterranean Deep Water","Egypt",160000,"BP P.L.C. North Alexandria / West Mediterranean Deep Water"
"659","ROYAL DUTCH SHELL PLC","WEST OF SHETLAND NON OPERATED","United Kingdom of Great Britain and Northern Ireland",158910,"ROYAL DUTCH SHELL PLC WEST OF SHETLAND NON OPERATED"
"660","Tullow Oil PLC","Block 10BA","Kenya",158100,"Tullow Oil PLC Block 10BA"
"661","Tullow Oil PLC","M'Oba","Gabon",157462,"Tullow Oil PLC M'Oba"
"662","Total Sa","CI-100","Cote d'Ivoire",157000,"Total Sa CI-100"
"663","Perenco (Oil & Gas) International Limited","840","Turkey",151978,"Perenco (Oil & Gas) International Limited 840"
"664","EnQuest PLC","Alma & Galia","United Kingdom of Great Britain and Northern Ireland",149663,"EnQuest PLC Alma & Galia"
"665","EnQuest PLC","Kildrummy","United Kingdom of Great Britain and Northern Ireland",149202,"EnQuest PLC Kildrummy"
"666","Total Sa","PL026 Rind","Norway",149000,"Total Sa PL026 Rind"
"667","Anglo American plc","Western Zambia - MDML","Zambia",148000,"Anglo American plc Western Zambia - MDML"
"668","Green Dragon Gas Ltd","Boatian-Qingshan (GGZ)","China",146000,"Green Dragon Gas Ltd Boatian-Qingshan (GGZ)"
"669","Ophir Energy Plc","Block 5B/1, 5B/2 & 5B/3","Seychelles",144000,"Ophir Energy Plc Block 5B/1, 5B/2 & 5B/3"
"670","Nord Gold SE","Jilbey Burkina SARL","Burkina Faso",142747,"Nord Gold SE Jilbey Burkina SARL"
"671","Premier Oil Plc","P354","United Kingdom of Great Britain and Northern Ireland",140000,"Premier Oil Plc P354"
"672","Total Sa","Gorgoglione Unified License","Italy",139000,"Total Sa Gorgoglione Unified License"
"673","Premier Oil Plc","CE-M-665-R11","Brazil",135000,"Premier Oil Plc CE-M-665-R11"
"674","Tethys Petroleum Limited","Bokhtar PSC","Tajikistan",130287,"Tethys Petroleum Limited Bokhtar PSC"
"675","Tullow Oil PLC","Kelvin","United Kingdom of Great Britain and Northern Ireland",129854,"Tullow Oil PLC Kelvin"
"676","Tullow Oil PLC","Walton Morant","Jamaica",128261,"Tullow Oil PLC Walton Morant"
"677","Tullow Oil PLC","Production Licence 37","Namibia",126660,"Tullow Oil PLC Production Licence 37"
"678","Anglo American plc","Twickenham","South Africa",126084,"Anglo American plc Twickenham"
"679","Tullow Oil PLC","Block 12B","Kenya",124000,"Tullow Oil PLC Block 12B"
"680","Total Sa","Blocks 1 & 2 (Onshore)","Uruguay",123000,"Total Sa Blocks 1 & 2 (Onshore)"
"681","Anglo American plc","Polokwane Smelter","South Africa",120247,"Anglo American plc Polokwane Smelter"
"682","Total Sa","Nurmunaï","Kazakhstan",120000,"Total Sa Nurmunaï"
"683","Green Dragon Gas Ltd","Chengzhuang (GCZ)","China",117000,"Green Dragon Gas Ltd Chengzhuang (GCZ)"
"684","Tullow Oil PLC","Katy","United Kingdom of Great Britain and Northern Ireland",115442,"Tullow Oil PLC Katy"
"685","JX Nippon Exploration and Production (U.K.) Limited","Licence P2024 Project","United Kingdom of Great Britain and Northern Ireland",114041,"JX Nippon Exploration and Production (U.K.) Limited Licence P2024 Project"
"686","Acacia Mining","Non-core exploration projects","Tanzania, United Republic of",114000,"Acacia Mining Non-core exploration projects"
"687","Green Dragon Gas Ltd","Fengcheng (GFC)","China",110000,"Green Dragon Gas Ltd Fengcheng (GFC)"
"688","JX Nippon Exploration and Production (U.K.) Limited","Licence P312 Project","United Kingdom of Great Britain and Northern Ireland",109663,"JX Nippon Exploration and Production (U.K.) Limited Licence P312 Project"
"689","Glencore plc","Quebec Project - various exploration projects","Canada",108000,"Glencore plc Quebec Project - various exploration projects"
"690","Cairn Energy PLC","Sangomar-Rufisque","Senegal",107055,"Cairn Energy PLC Sangomar-Rufisque"
"691","Total Sa","Other oil sands projects","Canada",102000,"Total Sa Other oil sands projects"
"692","Total Sa","Block 14 (Offshore)","Uruguay",1e+05,"Total Sa Block 14 (Offshore)"
"693","BG Group Ltd","Block 8","Uruguay",1e+05,"BG Group Ltd Block 8"
"694","BP P.L.C.","Block 12","Uruguay",1e+05,"BP P.L.C. Block 12"
"695","BP P.L.C.","Block 11","Uruguay",1e+05,"BP P.L.C. Block 11"
"696","BP P.L.C.","Block 6","Uruguay",1e+05,"BP P.L.C. Block 6"
"697","EnQuest PLC","Tanjong Baram","Malaysia",1e+05,"EnQuest PLC Tanjong Baram"
"698","BG Group Ltd","Block 9","Uruguay",1e+05,"BG Group Ltd Block 9"
"699","BG Group Ltd","Block 13","Uruguay",1e+05,"BG Group Ltd Block 13"
"700","Cairn Energy PLC","New Opportunities - Norway","Norway",97707,"Cairn Energy PLC New Opportunities - Norway"
"701","JX Nippon Exploration and Production (U.K.) Limited","Licence P1850 Project","United Kingdom of Great Britain and Northern Ireland",96551,"JX Nippon Exploration and Production (U.K.) Limited Licence P1850 Project"
"702","Tullow Oil PLC","49/24F1 (Gawain) 49/29a (part)","United Kingdom of Great Britain and Northern Ireland",96271,"Tullow Oil PLC 49/24F1 (Gawain) 49/29a (part)"
"703","Green Dragon Gas Ltd","Panxie East (GPX)","China",95000,"Green Dragon Gas Ltd Panxie East (GPX)"
"704","Total Sa","Foz de Amazonas","Brazil",95000,"Total Sa Foz de Amazonas"
"705","Tullow Oil PLC","Ingongo","Gabon",94142,"Tullow Oil PLC Ingongo"
"706","Total Sa","Block 72","Yemen",93000,"Total Sa Block 72"
"707","Tullow Oil PLC","Block 10BB","Kenya",92580,"Tullow Oil PLC Block 10BB"
"708","Tullow Oil PLC","Block 12A","Kenya",92340,"Tullow Oil PLC Block 12A"
"709","Vedanta Resources","SRL-IO-Onvalienchi Math","India",90000,"Vedanta Resources SRL-IO-Onvalienchi Math"
"710","Vedanta Resources","VEDL-C-Tuti","India",90000,"Vedanta Resources VEDL-C-Tuti"
"711","Tullow Oil PLC","Horne","United Kingdom of Great Britain and Northern Ireland",89587,"Tullow Oil PLC Horne"
"712","Green Dragon Gas Ltd","Qinyan (GQY)","China",85000,"Green Dragon Gas Ltd Qinyan (GQY)"
"713","Total Sa","Northern Lights","Canada",83000,"Total Sa Northern Lights"
"714","Petropavlovsk Plc","Other","Russian Federation",79000,"Petropavlovsk Plc Other"
"715","Tullow Oil PLC","Offshore Guinea (Deepwater)","Guinea",75087,"Tullow Oil PLC Offshore Guinea (Deepwater)"
"716","Tullow Oil PLC","PL 407","Norway",70973,"Tullow Oil PLC PL 407"
"717","Cairn Energy PLC","Juby Maritime","Morocco",70297,"Cairn Energy PLC Juby Maritime"
"718","Hunting Plc","Ship Shoal 109","United States of America",67375,"Hunting Plc Ship Shoal 109"
"719","Tullow Oil PLC","E14","Netherlands",65119,"Tullow Oil PLC E14"
"720","Tullow Oil PLC","E10","Netherlands",64796,"Tullow Oil PLC E10"
"721","Tullow Oil PLC","Boulton B & F","United Kingdom of Great Britain and Northern Ireland",64465,"Tullow Oil PLC Boulton B & F"
"722","Cairn Energy PLC","2011/13 (Pitu)","Greenland",63910,"Cairn Energy PLC 2011/13 (Pitu)"
"723","Cairn Energy PLC","2008/11 ( Eqqua)","Greenland",63483,"Cairn Energy PLC 2008/11 ( Eqqua)"
"724","Tullow Oil PLC","Munro (44/17B)","United Kingdom of Great Britain and Northern Ireland",60201,"Tullow Oil PLC Munro (44/17B)"
"725","Tullow Oil PLC","Tullow Guinea Limited","Guinea",59572,"Tullow Oil PLC Tullow Guinea Limited"
"726","Perenco Oil & Gas Colombia Limited","Cerrero Chacharo","Colombia",58916,"Perenco Oil & Gas Colombia Limited Cerrero Chacharo"
"727","Total Sa","Block 70","Yemen",57000,"Total Sa Block 70"
"728","Anglo American plc","Western Zambia - AEZL","Zambia",57000,"Anglo American plc Western Zambia - AEZL"
"729","Hunting Plc","South Timbalier 34","United States of America",56089,"Hunting Plc South Timbalier 34"
"730","Acacia Mining","Nyanzaga project","Tanzania, United Republic of",55000,"Acacia Mining Nyanzaga project"
"731","Rio Tinto PLC","SIMANDOU","Guinea",52995,"Rio Tinto PLC SIMANDOU"
"732","Tullow Oil PLC","Wissey","United Kingdom of Great Britain and Northern Ireland",52441,"Tullow Oil PLC Wissey"
"733","Total Sa","Islay","Norway",51000,"Total Sa Islay"
"734","Cairn Energy PLC","2005/06 (Lady Franklin)","Greenland",50842,"Cairn Energy PLC 2005/06 (Lady Franklin)"
"735","Total Sa","Xerelete (BC-2)","Brazil",49000,"Total Sa Xerelete (BC-2)"
"736","Hunting Plc","South Pelto 25","United States of America",48743,"Hunting Plc South Pelto 25"
"737","Hunting Plc","South Timbalier 19/30","United States of America",46242,"Hunting Plc South Timbalier 19/30"
"738","Cairn Energy PLC","FEL 1/14","Ireland",45368,"Cairn Energy PLC FEL 1/14"
"739","Total Sa","Nziembou CEPP","Gabon",45000,"Total Sa Nziembou CEPP"
"740","Glencore plc","Nunavut Project - Hackett","Canada",44000,"Glencore plc Nunavut Project - Hackett"
"741","Hunting Plc","South Pelto 5 & 5A","United States of America",43259,"Hunting Plc South Pelto 5 & 5A"
"742","Tullow Oil PLC","Thurne","United Kingdom of Great Britain and Northern Ireland",42941,"Tullow Oil PLC Thurne"
"743","Randgold Resources","Randgold Resources (Senegal) Limited","Senegal",42294,"Randgold Resources Randgold Resources (Senegal) Limited"
"744","KAZ Minerals PLC","Legal entity - East Region","Kazakhstan",42166,"KAZ Minerals PLC Legal entity - East Region"
"745","Cairn Energy PLC","P2149 (Block 1)","United Kingdom of Great Britain and Northern Ireland",41039,"Cairn Energy PLC P2149 (Block 1)"
"746","Hunting Plc","Bay Marchand Blk 2/5","United States of America",40841,"Hunting Plc Bay Marchand Blk 2/5"
"747","Antofagasta plc","Antucoya","",40000,"Antofagasta plc Antucoya"
"748","Total Sa","Block 33","Angola",38000,"Total Sa Block 33"
"749","Tullow Oil PLC","E15c","Netherlands",36949,"Tullow Oil PLC E15c"
"750","Tullow Oil PLC","E11","Netherlands",32333,"Tullow Oil PLC E11"
"751","Tullow Oil PLC","E18b","Netherlands",31024,"Tullow Oil PLC E18b"
"752","Hunting Plc","South Timbalier 16","United States of America",29849,"Hunting Plc South Timbalier 16"
"753","Cairn Energy PLC","2002/15 (Atammik)","Greenland",27061,"Cairn Energy PLC 2002/15 (Atammik)"
"754","Tullow Oil PLC","Block C-18","Mauritania",26450,"Tullow Oil PLC Block C-18"
"755","Hunting Plc","Ship Shoal 67","United States of America",25988,"Hunting Plc Ship Shoal 67"
"756","Randgold Resources","Randgold Resources (Côte d'Ivoire) SARL","Cote d'Ivoire",24734,"Randgold Resources Randgold Resources (Côte d'Ivoire) SARL"
"757","Tullow Oil PLC","E18a","Netherlands",24408,"Tullow Oil PLC E18a"
"758","Tullow Oil PLC","Block C-10","Mauritania",24150,"Tullow Oil PLC Block C-10"
"759","KAZ Minerals PLC","Orlovsky","Kazakhstan",23836,"KAZ Minerals PLC Orlovsky"
"760","Cairn Energy PLC","FEL 2/04","Ireland",23092,"Cairn Energy PLC FEL 2/04"
"761","Tethys Petroleum Limited","Kul-Bas","Kazakhstan",21711,"Tethys Petroleum Limited Kul-Bas"
"762","Perenco (Oil & Gas) International Limited","2553","Turkey",19801,"Perenco (Oil & Gas) International Limited 2553"
"763","Tullow Oil PLC","Block C-3","Mauritania",19650,"Tullow Oil PLC Block C-3"
"764","Hunting Plc","Fisher","United States of America",19396,"Hunting Plc Fisher"
"765","Tullow Oil PLC","Block 13T","Kenya",18876,"Tullow Oil PLC Block 13T"
"766","Tullow Oil PLC","Thames","United Kingdom of Great Britain and Northern Ireland",17083,"Tullow Oil PLC Thames"
"767","KAZ Minerals PLC","Artemyevsky","Kazakhstan",16147,"KAZ Minerals PLC Artemyevsky"
"768","Hunting Plc","Vermilion 51","United States of America",15590,"Hunting Plc Vermilion 51"
"769","Hunting Plc","Adair San Andres Unit","United States of America",13899,"Hunting Plc Adair San Andres Unit"
"770","Anglo American plc","Corporate","Australia",13071,"Anglo American plc Corporate"
"771","Anglo American plc","Theodore South Exploration JV","Australia",13051,"Anglo American plc Theodore South Exploration JV"
"772","KAZ Minerals PLC","Koksay","Kazakhstan",11389,"KAZ Minerals PLC Koksay"
"773","JX Nippon Exploration and Production (U.K.) Limited","Licence P2016 Project","United Kingdom of Great Britain and Northern Ireland",10773,"JX Nippon Exploration and Production (U.K.) Limited Licence P2016 Project"
"774","Tullow Oil PLC","Gawain","United Kingdom of Great Britain and Northern Ireland",10615,"Tullow Oil PLC Gawain"
"775","Hunting Plc","Abbeville/Crystal","United States of America",10612,"Hunting Plc Abbeville/Crystal"
"776","Hunting Plc","Bishop, West","United States of America",9100,"Hunting Plc Bishop, West"
"777","Anglo American plc","Corporate-Asociación Michiquillay","Peru",9017,"Anglo American plc Corporate-Asociación Michiquillay"
"778","Tullow Oil PLC","Kalchas","Pakistan",9008,"Tullow Oil PLC Kalchas"
"779","Exillon Energy Plc","Aslador Oil CJSC","Russian Federation",9000,"Exillon Energy Plc Aslador Oil CJSC"
"780","Tullow Oil PLC","Tullow Kenya BV","Kenya",8577,"Tullow Oil PLC Tullow Kenya BV"
"781","Hunting Plc","Little Wall Creek","United States of America",8513,"Hunting Plc Little Wall Creek"
"782","Tullow Oil PLC","Bannu West","Pakistan",7842,"Tullow Oil PLC Bannu West"
"783","KAZ Minerals PLC","Aktogay","Kazakhstan",7605,"KAZ Minerals PLC Aktogay"
"784","KAZ Minerals PLC","Irtyshsky","Kazakhstan",7585,"KAZ Minerals PLC Irtyshsky"
"785","Hunting Plc","Dorcheat-Macedonia","United States of America",7176,"Hunting Plc Dorcheat-Macedonia"
"786","Hunting Plc","Chicolete","United States of America",6933,"Hunting Plc Chicolete"
"787","KAZ Minerals PLC","Legal entity","United Kingdom of Great Britain and Northern Ireland",6364,"KAZ Minerals PLC Legal entity"
"788","Total Sa","Silistar","Bulgaria",6000,"Total Sa Silistar"
"789","EVRAZ PLC","Mining Metallurgical Company «Timir»","Russian Federation",5329,"EVRAZ PLC Mining Metallurgical Company «Timir»"
"790","KAZ Minerals PLC","Yubileyno-Snegirikhinsky","Kazakhstan",5126,"KAZ Minerals PLC Yubileyno-Snegirikhinsky"
"791","Hunting Plc","Garden Island Bay","United States of America",5084,"Hunting Plc Garden Island Bay"
"792","Exillon Energy Plc","Komi Resources CJSC","Russian Federation",5000,"Exillon Energy Plc Komi Resources CJSC"
"793","Cadogan Petroleum PLC","Slobodo-Rungurska licence area","Ukraine",5000,"Cadogan Petroleum PLC Slobodo-Rungurska licence area"
"794","KAZ Minerals PLC","Bozshakol","Kazakhstan",4446,"KAZ Minerals PLC Bozshakol"
"795","Hunting Plc","Agua Dulce","United States of America",4337,"Hunting Plc Agua Dulce"
"796","Anglo American plc","Corporate-Asociación Quellaveco","Peru",4246,"Anglo American plc Corporate-Asociación Quellaveco"
"797","Glencore plc","Lusaka Region Project - Limeco Resources","Zambia",4000,"Glencore plc Lusaka Region Project - Limeco Resources"
"798","Tullow Oil PLC","Kohat","Pakistan",4000,"Tullow Oil PLC Kohat"
"799","Tullow Oil PLC","E15b","Netherlands",3108,"Tullow Oil PLC E15b"
"800","Tullow Oil PLC","Kohlu","Pakistan",3000,"Tullow Oil PLC Kohlu"
"801","Randgold Resources","Randgold Resources Mali SARL","Mali",2877,"Randgold Resources Randgold Resources Mali SARL"
"802","Hunting Plc","Wood River Ranch","United States of America",2707,"Hunting Plc Wood River Ranch"
"803","Hunting Plc","Lucky","United States of America",2306,"Hunting Plc Lucky"
"804","Tullow Oil PLC","Deben Wensum","United Kingdom of Great Britain and Northern Ireland",1965,"Tullow Oil PLC Deben Wensum"
"805","Tullow Oil PLC","F16E","Netherlands",1438,"Tullow Oil PLC F16E"
"806","Hunting Plc","East Dickenson","United States of America",1206,"Hunting Plc East Dickenson"
"807","Hunting Plc","Foss Brown","United States of America",1055,"Hunting Plc Foss Brown"
"808","Hunting Plc","Fairway","United States of America",1016,"Hunting Plc Fairway"
"809","Anglo American plc","Cubatao","Brazil",959,"Anglo American plc Cubatao"
"810","Tullow Oil PLC","Tullow Mozambique Limited","Mozambique",830,"Tullow Oil PLC Tullow Mozambique Limited"
"811","Anglo American plc","Modikwa","South Africa",760,"Anglo American plc Modikwa"
"812","Hunting Plc","Big Ceasar","United States of America",745,"Hunting Plc Big Ceasar"
"813","Hunting Plc","Heyser","United States of America",727,"Hunting Plc Heyser"
"814","Hunting Plc","SW Weesatche","United States of America",560,"Hunting Plc SW Weesatche"
"815","Hunting Plc","Chapel Hill","United States of America",501,"Hunting Plc Chapel Hill"
"816","Hunting Plc","Whiskey Joe","United States of America",493,"Hunting Plc Whiskey Joe"
"817","Anglo American plc","Puca Urku","Peru",428,"Anglo American plc Puca Urku"
"818","Hunting Plc","Shepherd","United States of America",357,"Hunting Plc Shepherd"
"819","Cairn Energy PLC","Corporate - Republic of Ireland","Ireland",343,"Cairn Energy PLC Corporate - Republic of Ireland"
"820","Hunting Plc","N Morales/Alley","United States of America",313,"Hunting Plc N Morales/Alley"
"821","Goldbridges Global Resources Plc","TOO Altai Ken-Bayitu","Kazakhstan",263,"Goldbridges Global Resources Plc TOO Altai Ken-Bayitu"
"822","Hunting Plc","Wickizer Extension","United States of America",208,"Hunting Plc Wickizer Extension"
"823","Hunting Plc","New Hope","United States of America",191,"Hunting Plc New Hope"
"824","KAZ Minerals PLC","Legal entity","Hong Kong",145,"KAZ Minerals PLC Legal entity"
"825","Hunting Plc","Hastings","United States of America",117,"Hunting Plc Hastings"
"826","Hunting Plc","North Shongaloo","United States of America",111,"Hunting Plc North Shongaloo"
"827","Tullow Oil PLC","Tullow Madagascar Limited","Madagascar",105,"Tullow Oil PLC Tullow Madagascar Limited"
"828","Hunting Plc","Pachuta Creek","United States of America",79,"Hunting Plc Pachuta Creek"
"829","Hunting Plc","East Texas","United States of America",63,"Hunting Plc East Texas"
"830","Hunting Plc","Crews","United States of America",59,"Hunting Plc Crews"
"831","Hunting Plc","North Thompson","United States of America",35,"Hunting Plc North Thompson"
"832","Hunting Plc","Rayne","United States of America",33,"Hunting Plc Rayne"
"833","Hunting Plc","Hortense","United States of America",30,"Hunting Plc Hortense"
"834","Hunting Plc","Hidalgo/Noser Gas Unit","United States of America",28,"Hunting Plc Hidalgo/Noser Gas Unit"
"835","Hunting Plc","Benedum Plant Field","United States of America",27,"Hunting Plc Benedum Plant Field"
"836","Hunting Plc","Hibank","United States of America",18,"Hunting Plc Hibank"
"837","Hunting Plc","Port Neches","United States of America",11,"Hunting Plc Port Neches"
"838","Hunting Plc","Stamps","United States of America",10,"Hunting Plc Stamps"
"839","Hunting Plc","Seven Oaks","United States of America",10,"Hunting Plc Seven Oaks"
"840","Perenco Oil & Gas Colombia Limited","Cerrero Katmandu Norte-1","Colombia",10,"Perenco Oil & Gas Colombia Limited Cerrero Katmandu Norte-1"
"841","Hunting Plc","Bodcaw","United States of America",7,"Hunting Plc Bodcaw"
"842","Hunting Plc","Big Creek","United States of America",5,"Hunting Plc Big Creek"
"843","Anglo American plc","Mototolo JV","South Africa",4,"Anglo American plc Mototolo JV"
